matched_aspect,matched_keywords,review_id,sentence,review,voted_up,voted_up_label,votes_up,weighted_vote_score,sentiment_label,sentiment_score
難易度・進行,ランク,2,強制歩きはマスターランクではやめて頂きたい。,"ネガティブな意見や評価を知った上でセールの際に購入しましたが、
セール価格であればワールドよりもストレス無くプレイできると思います。

ワールドよりもストレスが無いと感じた理由としては、

①クラッチクローがない
②モンスターの咆哮合戦による妨害がワールドと比べ、極めて少ない
③動きの遅い武器種でもハンターには相殺やカウンターアクションがあるので対応できる。
[b]④レウスがずっと飛び続けるようなことはなく、地上で戦ってくれるので剣攻撃が当たる[/b]

これだけでも、かなり戦闘のストレスが軽減されると思います。

しかし、不満点はあります。

①ストーリーに興味はないので、強制歩きはマスターランクではやめて頂きたい。
②支給品ボックスがなく、セクレトに乗っての支給品補充は不便なので、支給品ボックスを復活させてほしい。
③食事は食材を消費して注文する方式でなく、ワールドのようにお金か調査ポイントで支払って
料理を注文できるようにしてほしい。

以上が私の大きな不満点です。

③の食事については、食材を消費する方式にするならせめて商人から買えるようにして欲しいです。
普通に考えて食材を売る商人がいないのは世界観的にかなり不自然ではないでしょうか。
[b]食材を売る商人がいなければ、この世界の人達は自給自足の生活をしているということになりますが、
ハンターという大型モンスターを討伐する職業人がいる世界で、普通の人が危険なモンスターがいる森に行って
食材を取りに行くというのは危険極まりなく、そんなリスクを冒して皆さん暮らしているんですか？[/b]


最後に本作はオープンワールドですが、上位に入れば従来のエリア制のような感覚で
プレイできるのでマイナスな点はあまりないと思います。

[b]ワイルズは色々と批判の多い作品ですが、アクションゲームとしてかなり面白いと私は思いますので
購入をオススメします。[/b]",True,positive,3,0.501510560512542725,negative,0.7453
難易度・進行,クリア,5,"まず、マルチの仕方がわかりずらい（ソロオンラインとか説明なしで言われてもソロなのかマルチなのかわからない、ストーリー進行させるときにマルチができるようになるタイミングと出来ないときとがわかりずらい、わからないことばかりでマルチが億劫になって結局ソロでしか遊ぶ気にならない）

マップが見ずらい

セクレトの操作がわかりずらい

今までのモンハンと違って、クエストを受注してクリアしてじゃなくて勝手にストーリーが進んで勝手にモンスターが出てきてなんか知らないうちに終わってるでモンハンしてる感じがしない

キャンプが奥まったところにあってわかりずらいしいちいち手間

動いてるNPCに当たり判定があるの邪魔すぎ

武器を知らない集落的な設定なのに、装飾品で頭に角つけたり獣の爪みたいな装飾つけてたりで設定が破綻しすぎ

相殺や鍔迫り合いの有無で武器格差を作る必要なさすぎ（新要素ならそれを全武器で楽しめるようにしてほしかった）

食事の仕様がかなり変わってるのにチュートリアルが足りない

今までのモンハンと比べて施設がばらけてたりぱっと見でどこで何ができるかわからなくてストレス

マップでかすぎだし三層構造にしてるとこある上にマップの仕様と見づらさが相まってストレスフルで疲れる

武器生産のページが見ずらい分かりずらい

ボックスの防具のページで今までの作品はアイコンで分かりやすくコンパクトに表示できていたのに、変におしゃれにしようとしたのか防具をアイコンじゃなく写真で表示するようになったせいで見ずらい選びずらい分かりずらいの三拍子そろって最悪

ストーリーのどうでもいい部分で尺取りすぎ（セクレト乗ってのろのろ散歩しながら会話するところとか特に）

とかほかにもいろいろあって、なんかもう嫌になってきた。","2日前にワイルズを買って始めたけど10時間ちょっと遊んだけど、不満点がどんどん出てくるしストレスフルなゲームだった。

まず、マルチの仕方がわかりずらい（ソロオンラインとか説明なしで言われてもソロなのかマルチなのかわからない、ストーリー進行させるときにマルチができるようになるタイミングと出来ないときとがわかりずらい、わからないことばかりでマルチが億劫になって結局ソロでしか遊ぶ気にならない）

マップが見ずらい

セクレトの操作がわかりずらい

今までのモンハンと違って、クエストを受注してクリアしてじゃなくて勝手にストーリーが進んで勝手にモンスターが出てきてなんか知らないうちに終わってるでモンハンしてる感じがしない

キャンプが奥まったところにあってわかりずらいしいちいち手間

動いてるNPCに当たり判定があるの邪魔すぎ

武器を知らない集落的な設定なのに、装飾品で頭に角つけたり獣の爪みたいな装飾つけてたりで設定が破綻しすぎ

相殺や鍔迫り合いの有無で武器格差を作る必要なさすぎ（新要素ならそれを全武器で楽しめるようにしてほしかった）

食事の仕様がかなり変わってるのにチュートリアルが足りない

今までのモンハンと比べて施設がばらけてたりぱっと見でどこで何ができるかわからなくてストレス

マップでかすぎだし三層構造にしてるとこある上にマップの仕様と見づらさが相まってストレスフルで疲れる

武器生産のページが見ずらい分かりずらい

ボックスの防具のページで今までの作品はアイコンで分かりやすくコンパクトに表示できていたのに、変におしゃれにしようとしたのか防具をアイコンじゃなく写真で表示するようになったせいで見ずらい選びずらい分かりずらいの三拍子そろって最悪

ストーリーのどうでもいい部分で尺取りすぎ（セクレト乗ってのろのろ散歩しながら会話するところとか特に）

とかほかにもいろいろあって、なんかもう嫌になってきた。
発売当時と比べていろいろアプデされて改善されたと聞いて買いましたが、全然だめ。

こういうのは実写化の映画とかドラマとかで勝手にやってほしい、俺はモンハンをしたくて買ったのであってドラマを見たくてモンハンしてるわけではない

",False,negative,13,0.559061825275421143,negative,0.981
難易度・進行,クリア,6,一応それらしいクエストがあるものの、1回クエストクリアして、防具のレベルが１上がるぐらいしか手に入りません。,"一つどうしても許せない点があります。
それは鎧玉の絞り具合です。コンテンツが少ないからか、初期の異常に絞った結果、今でも改善されておりません。
防具のレベルが全然上がらないモンハンなんてやったことがありません。
一応それらしいクエストがあるものの、1回クエストクリアして、防具のレベルが１上がるぐらいしか手に入りません。1つの防具をレベルマックスにするのに10回以上虚無なクエストをする。
本当に意味が分かりません。鎧玉集めがエンドコンテンツになっています。しかも防具は5つまで装備できるだけであって、組み合わせによっては50個ほどレベルをMAXにする必要があります。
先ほど書いたクエスト以外ではクリアしても1上がらないことが9割を超えております。
装備のレベルを上げるのなんて面白くありません。",False,negative,7,0.501061558723449707,negative,0.7511
難易度・進行,クリア,6,先ほど書いたクエスト以外ではクリアしても1上がらないことが9割を超えております。,"一つどうしても許せない点があります。
それは鎧玉の絞り具合です。コンテンツが少ないからか、初期の異常に絞った結果、今でも改善されておりません。
防具のレベルが全然上がらないモンハンなんてやったことがありません。
一応それらしいクエストがあるものの、1回クエストクリアして、防具のレベルが１上がるぐらいしか手に入りません。1つの防具をレベルマックスにするのに10回以上虚無なクエストをする。
本当に意味が分かりません。鎧玉集めがエンドコンテンツになっています。しかも防具は5つまで装備できるだけであって、組み合わせによっては50個ほどレベルをMAXにする必要があります。
先ほど書いたクエスト以外ではクリアしても1上がらないことが9割を超えております。
装備のレベルを上げるのなんて面白くありません。",False,negative,7,0.501061558723449707,negative,0.8873
難易度・進行,クリア,11,"上位ストーリークリアサブクエそこそこクリア
操虫棍のみ

やたら重いとかストーリー短いモンスター数少ない等イマイチな面もあるけ","上位ストーリークリアサブクエそこそこクリア
操虫棍のみ

やたら重いとかストーリー短いモンスター数少ない等イマイチな面もあるけど、まあ普通に楽しめたかなと思うのでおすすめにはしておく。
とはいえ自分は半額以下になったから、じゃあやるかと手を出したけど初期にフルプライスで買った人のお怒りもよく分かるかなと思う。

良かった
傷口攻撃高火力で気持ちいい
スリンガーアイテム回収も意外といい
簡易キャンプをある程度自分の自由に設置できるしそこに飛べるのもいい
クエスト終了後の待ち時間スキップはかなりいい
ねこ喋るかわいい
セクレトもなかなか
アルマ（受付嬢）もなかなか

悪かった
UIがごちゃつき過ぎて全く褒めるところがない
マップ構造もちょっとごちゃついてるし高低差を設けすぎ
景色がきれいなのはいいけど重すぎる
チュートリアル部分というか一通りプレイヤーがアクセスできる要素が揃うまでが長い
エモーショナルクソガキブリザード　プレイヤーが真顔になる

良かった部分は大体想像つくだろうと思うので割愛させてもらうとして、UIは非常に使いづらいです。真面目になんでこうなったのかがよくわからない。慣れてしまえばとは言うものの別に良くはないですよねという話。

マップもあんまり見やすくないなぁと言う感覚。実際も地図上でも。セクレトでの移動ありきだから単純な移動距離も結構あるし、乗りを全武器である程度はできるようにやたらと高低差が多い。その割に戦闘は意外と狭い感覚で、だったらもうちょっとフィールドの行動範囲全体を少し広めに取ってもらえると、結果的に視認性も改善されるのではと思うけど。

正直モンハンのストーリーを気にしている人間はいないとは思うけど実際に付いているから一応見た。モンスターに襲われた里から逃げて保護された子どもの故郷を探すみたいな話だけど、特に後半でいちいち大したこともないのに子供が感情たっぷりに喋るのはなかなか厳しい。

結論やっぱり半額ならまあまあかなと。改めて書くけどこのボリューム感であの値段取るのは流石にお怒りもごもっともかな。ゲームの起動とか移動の読み込みもそれなりに早かったと思うし、そこそこのスペックがあると思うならそこまで悪くはないと思うんだけど・・・という感じのゲーム。まあDLC追加部分でどれだけ頑張れるかによってこれ自体の価値もかなり変わりしそうではある。",True,positive,3,0.526813864707946777,negative,0.9655
難易度・進行,クリア,14,今でもポッケ村の音楽を聞けば、ゲームを起動して「今日は何をしようか」と思う期待感や、クエストをクリアして帰ってきたときの達成感が蘇るように、拠点の存在はすごく重要なのだと感じました。,"正直に言うと、半分はお情けのような意味でのサムズアップです。
僕はこのゲームを3000円台で買いましたが、もしフルプライスで発売日に買っていたら厳しかったと思います。
モンハンシリーズは好きですが、今作はプレイしていて辛かったです。
本当にワクワクしませんでした。狩猟以外のすべての要素が楽しくないです。
これでもアップデートで改善された方だとは聞いていますが、UIの不便さがボディブローのように効いてきて、まだ上位に上がったばかりなのにそろそろギブアップしたいと思いつつあります。

「何が良くないか」という点については他のレビューで散々書かれていると思うので詳しく羅列するつもりはありません。
ただただ、アセンダンスでは良くなっていることを願っています。

ここから先は他ゲームとの比較が入ります。
苦手な方は読まないでください。

僕は個人的に「龍が如く」が比較対象として適切だと思いました。
開発元も、世界観も違いますが、目指すべきゲームのスタイルはかなり近いと思っています。
・プレイ時間の多くがムービーや会話シーンで占められている
・メインストーリーを進めるか、寄り道をするか選ぶことができる
・寄り道ではサブストーリーなどを通して色々なキャラクターとの交流をしつつ、メインストーリー攻略で役立つアイテムや強化などのメリットが受けられる
・シリアスな物語、過酷な世界観である一方で、戦いや寄り道の楽しさがそれを中和してくれる
しかし龍が如くシリーズはシナリオの一員として没入し、どれだけ長いストーリーでも最後まで集中して楽しめた一方で、ワイルズは本当にワクワクしなくて、苦痛でした。
ワイルズのストーリーでずっと感じていたことは疎外感です。主人公は中途半端に言葉を発しますが、特にバックグラウンドの設定がなく、基本的に他のキャラクターたちが勝手に物語を進めていきます。いうなれば主人公は日雇いハンターのような、物語の中でモンスターが登場したときに対処する要員です。だから、何かが達成できたときに、自分の行動によってそれがなされたという実感が全くないです。
そもそも新しい拠点の開拓やキャラクターとの出会いといった物語の転機には、もっと感動があるべきだと思いました。禁足地の最初の拠点から次の拠点に行くまで、なんとモンスターを２体狩るだけです。まだ最初の拠点の構造すら把握しておらず、愛着のアの字もない状態で新しい拠点に移動します。モンハンワールドで言うところのアステラのような、プレイ中にBGMや風景が脳内に焼き付けられるような心のふるさとがこのゲームにはありません。今でもポッケ村の音楽を聞けば、ゲームを起動して「今日は何をしようか」と思う期待感や、クエストをクリアして帰ってきたときの達成感が蘇るように、拠点の存在はすごく重要なのだと感じました。
寄り道をするメリットがなさすぎるのも苦痛に拍車をかけています。龍が如くシリーズでは物語を進めるかどうかの選択権がプレイヤーに委ねられており、サブストーリーやミニゲームで遊んだりして、楽しみながらストーリー攻略の万全な準備をすることができます。それは寄り道が楽しくて、且つ明確なメリットがあり、コンプリート欲が刺激されるから成立することです。しかしワイルズの寄り道には本当に魅力を感じませんでした。〇〇を捕まえてこい、釣ってこいと言われても手がかりが少なく、かといって放置すると次のミッションが始まらないというストレスを抱えることになります。確かにワイルズはRPGではないので経験値の入手などのメリットを用意できないのはわかりますが、それならこれまでの作品のように新しい食材の開放などを報酬に用意してくれればいいだけだと思います。武器でも、装飾品でも構いません。寄り道の内容が楽しくない上に、メリットがないのが苦痛です。それならストーリーを進める前に装備を強化すればいいじゃないか、と考えるのですが、そもそもストーリーを進めないと武器はまともに強化の段階が解放されません。防具に関してはわざわざ作らなくても攻略できてしまう難易度なので、やっぱり寄り道する理由が全然ないのです。
こうなるとプレイヤーはただひたすらストーリーを進めることになるのですが、セリフとセリフの間の長い薄味な物語がムービーやとことこ会話タイムを通してひたすら展開され、いつになったら新しいモンスターと戦わせてくれるのか、じっくり待つだけになります。「プレイヤーが干渉できる時間が短いこと」自体は悪じゃありません。現代でもビジュアルノベルというジャンルは生きていますし、前述の通り龍が如くはこのスタイルで人気を誇っています。そもそもそのシステムがモンハンと相性が悪いと言ってしまえばそれまでですが、相性が悪いにしても活かす方法がうまくないように思えました。寄り道が魅力的で、物語に没入感があれば、同じスタイルでも十分に名作になるポテンシャルはあったと思います。
これは好みの範疇になってしまいますが、チャタカブラやケマトリスのような「突発の敵」と、ドシャグマのような「因縁の敵」をうまく使い分けて物語に生かすことができていないように感じました。例えば「守人に関する情報が欲しい」→「とある集落に行けばわかるかも」→「しかしドシャグマのボスが縄張りを貼っていて近づけない」といったシチュエーションを用意しておけば、小目的と大目的が明らかになりますし、プレイヤーが「ドシャグマ討伐作戦」を仲間と共に計画し、倒すことでキャラクター達と達成感を共有し、より団結することができます。こういったことの積み重ねでプレイヤーはNPCにも魂を感じて、その一員になれたように感じられるのだと思います。目的達成までの過程で予定外に突発的な敵が現れる、といった展開でより窮地を演出することもできますし、そんな構成なら退屈することもなかったと思います。思えばワールドでゾラマグダラオスをみんなで撃退したときの団結感はすごかったし、プレイヤーを蚊帳の外に感じることもありませんでした。もしかしたらワイルズのシナリオも１つの映画としては良い出来なのかもしれませんが、ゲームシステムやモンスターといった世界観と組み合わせるにあたり、噛み合っていないように感じました。
長々と書きましたが、本当にモンハンシリーズが好きなので、今作のストーリー攻略中は心の底から悲しい思いでした。なんだか「駄作とも言えないが名作からは程遠い、それ故に全然話題にならない洋ゲー」にモンハンというコンテンツが乗っかっているかのような作りで、どうしてこれをモンハンでやってしまったのか、やるにしてもなぜこんなにうまくいっていないのか、本当に残念です。作り手の作りたいものと、プレイヤーの遊びたいものがここまで乖離している作品もなかなかないのではないでしょうか。
今作に対して寄せられている声の中には、過剰なネガキャンや「言いすぎ」なものがたくさんあります。僕はその上で、小学生の頃から好きなモンハンというコンテンツをより深く知り、なんなら擁護したいという意味で遅れながらもこのゲームを買いました（大人になり、忙しくてプレイできなかったという背景があります）。しかし実際にプレイして思ったのは、批判されるのに十分な理由があるということです。
もし今後もこのスタイルでモンハンを作るのであればもう触れる必要もないと思ってしまうのですが、これが自分にとって最後のモンハンの思い出になるのもまた悲しいものです。すべての声にこたえるのは当然不可能ですが、アセンダンスではプレイヤーが期待しているモンハンが帰ってくると信じています。",True,positive,2,0.504132270812988281,positive,0.9406
難易度・進行,難易度,14,防具に関してはわざわざ作らなくても攻略できてしまう難易度なの,"正直に言うと、半分はお情けのような意味でのサムズアップです。
僕はこのゲームを3000円台で買いましたが、もしフルプライスで発売日に買っていたら厳しかったと思います。
モンハンシリーズは好きですが、今作はプレイしていて辛かったです。
本当にワクワクしませんでした。狩猟以外のすべての要素が楽しくないです。
これでもアップデートで改善された方だとは聞いていますが、UIの不便さがボディブローのように効いてきて、まだ上位に上がったばかりなのにそろそろギブアップしたいと思いつつあります。

「何が良くないか」という点については他のレビューで散々書かれていると思うので詳しく羅列するつもりはありません。
ただただ、アセンダンスでは良くなっていることを願っています。

ここから先は他ゲームとの比較が入ります。
苦手な方は読まないでください。

僕は個人的に「龍が如く」が比較対象として適切だと思いました。
開発元も、世界観も違いますが、目指すべきゲームのスタイルはかなり近いと思っています。
・プレイ時間の多くがムービーや会話シーンで占められている
・メインストーリーを進めるか、寄り道をするか選ぶことができる
・寄り道ではサブストーリーなどを通して色々なキャラクターとの交流をしつつ、メインストーリー攻略で役立つアイテムや強化などのメリットが受けられる
・シリアスな物語、過酷な世界観である一方で、戦いや寄り道の楽しさがそれを中和してくれる
しかし龍が如くシリーズはシナリオの一員として没入し、どれだけ長いストーリーでも最後まで集中して楽しめた一方で、ワイルズは本当にワクワクしなくて、苦痛でした。
ワイルズのストーリーでずっと感じていたことは疎外感です。主人公は中途半端に言葉を発しますが、特にバックグラウンドの設定がなく、基本的に他のキャラクターたちが勝手に物語を進めていきます。いうなれば主人公は日雇いハンターのような、物語の中でモンスターが登場したときに対処する要員です。だから、何かが達成できたときに、自分の行動によってそれがなされたという実感が全くないです。
そもそも新しい拠点の開拓やキャラクターとの出会いといった物語の転機には、もっと感動があるべきだと思いました。禁足地の最初の拠点から次の拠点に行くまで、なんとモンスターを２体狩るだけです。まだ最初の拠点の構造すら把握しておらず、愛着のアの字もない状態で新しい拠点に移動します。モンハンワールドで言うところのアステラのような、プレイ中にBGMや風景が脳内に焼き付けられるような心のふるさとがこのゲームにはありません。今でもポッケ村の音楽を聞けば、ゲームを起動して「今日は何をしようか」と思う期待感や、クエストをクリアして帰ってきたときの達成感が蘇るように、拠点の存在はすごく重要なのだと感じました。
寄り道をするメリットがなさすぎるのも苦痛に拍車をかけています。龍が如くシリーズでは物語を進めるかどうかの選択権がプレイヤーに委ねられており、サブストーリーやミニゲームで遊んだりして、楽しみながらストーリー攻略の万全な準備をすることができます。それは寄り道が楽しくて、且つ明確なメリットがあり、コンプリート欲が刺激されるから成立することです。しかしワイルズの寄り道には本当に魅力を感じませんでした。〇〇を捕まえてこい、釣ってこいと言われても手がかりが少なく、かといって放置すると次のミッションが始まらないというストレスを抱えることになります。確かにワイルズはRPGではないので経験値の入手などのメリットを用意できないのはわかりますが、それならこれまでの作品のように新しい食材の開放などを報酬に用意してくれればいいだけだと思います。武器でも、装飾品でも構いません。寄り道の内容が楽しくない上に、メリットがないのが苦痛です。それならストーリーを進める前に装備を強化すればいいじゃないか、と考えるのですが、そもそもストーリーを進めないと武器はまともに強化の段階が解放されません。防具に関してはわざわざ作らなくても攻略できてしまう難易度なので、やっぱり寄り道する理由が全然ないのです。
こうなるとプレイヤーはただひたすらストーリーを進めることになるのですが、セリフとセリフの間の長い薄味な物語がムービーやとことこ会話タイムを通してひたすら展開され、いつになったら新しいモンスターと戦わせてくれるのか、じっくり待つだけになります。「プレイヤーが干渉できる時間が短いこと」自体は悪じゃありません。現代でもビジュアルノベルというジャンルは生きていますし、前述の通り龍が如くはこのスタイルで人気を誇っています。そもそもそのシステムがモンハンと相性が悪いと言ってしまえばそれまでですが、相性が悪いにしても活かす方法がうまくないように思えました。寄り道が魅力的で、物語に没入感があれば、同じスタイルでも十分に名作になるポテンシャルはあったと思います。
これは好みの範疇になってしまいますが、チャタカブラやケマトリスのような「突発の敵」と、ドシャグマのような「因縁の敵」をうまく使い分けて物語に生かすことができていないように感じました。例えば「守人に関する情報が欲しい」→「とある集落に行けばわかるかも」→「しかしドシャグマのボスが縄張りを貼っていて近づけない」といったシチュエーションを用意しておけば、小目的と大目的が明らかになりますし、プレイヤーが「ドシャグマ討伐作戦」を仲間と共に計画し、倒すことでキャラクター達と達成感を共有し、より団結することができます。こういったことの積み重ねでプレイヤーはNPCにも魂を感じて、その一員になれたように感じられるのだと思います。目的達成までの過程で予定外に突発的な敵が現れる、といった展開でより窮地を演出することもできますし、そんな構成なら退屈することもなかったと思います。思えばワールドでゾラマグダラオスをみんなで撃退したときの団結感はすごかったし、プレイヤーを蚊帳の外に感じることもありませんでした。もしかしたらワイルズのシナリオも１つの映画としては良い出来なのかもしれませんが、ゲームシステムやモンスターといった世界観と組み合わせるにあたり、噛み合っていないように感じました。
長々と書きましたが、本当にモンハンシリーズが好きなので、今作のストーリー攻略中は心の底から悲しい思いでした。なんだか「駄作とも言えないが名作からは程遠い、それ故に全然話題にならない洋ゲー」にモンハンというコンテンツが乗っかっているかのような作りで、どうしてこれをモンハンでやってしまったのか、やるにしてもなぜこんなにうまくいっていないのか、本当に残念です。作り手の作りたいものと、プレイヤーの遊びたいものがここまで乖離している作品もなかなかないのではないでしょうか。
今作に対して寄せられている声の中には、過剰なネガキャンや「言いすぎ」なものがたくさんあります。僕はその上で、小学生の頃から好きなモンハンというコンテンツをより深く知り、なんなら擁護したいという意味で遅れながらもこのゲームを買いました（大人になり、忙しくてプレイできなかったという背景があります）。しかし実際にプレイして思ったのは、批判されるのに十分な理由があるということです。
もし今後もこのスタイルでモンハンを作るのであればもう触れる必要もないと思ってしまうのですが、これが自分にとって最後のモンハンの思い出になるのもまた悲しいものです。すべての声にこたえるのは当然不可能ですが、アセンダンスではプレイヤーが期待しているモンハンが帰ってくると信じています。",True,positive,2,0.504132270812988281,negative,0.8619
難易度・進行,難易度,17,"下
　位でメインクエストをほぼ完結させるという構成＋初心者にも優しい難易度のせい","老害ハンターのレビュー　
プレイ時間:540時間　HR:999

【良い点】
・グラフィックが美しい
　さすがのグラフィックと言わざる得ない。
　特に、豊穣期の緋の森の美しさは、海外ゲームによくある高グラフィックに追いついているレベルであり、
　かつてのモンハンしか知らない人は、度肝を抜かれることでしょう。

・リアリティのある挙動、音
　上記のグラフィックと合わせて、世界観への没入感が凄まじく、子供の頃から描いていた理想のモンハンと
　いった感じ。

・集中モード
　今までには考えられなかった、攻撃モーション中にハンターの向きを変えられる神機能。今後のモンハンで
　も続投してほしいと思うほどの便利さ。これに慣れると、過去作モンハンで攻撃の空振りを連発します。

【何とも言えない点】
・どうでもいいアプデ
　「〇〇の宴」という、期間限定のお祭り？期間のようなものがあり、テーマに応じたチャーム、ハンターの　
　モーション、チャットのスタンプ、などなどが追加されています。
　追加モンスターとクエスト以外は別に求めてないし、最初から実装しておけよというがっかり感。というの
　も、多くの人が楽しみにしているであろう大型アプデの予告番組では、これらがほとんどの内容を占めてお
　り、はっきり言ってモンスターそっちのけ。これらを開発するくらいならモンスターの一体でも復刻してく
　れよといった感じ。

・なぜか変更されている先行入力
　私はモンハンワールド、アイスボーンを長くプレイしており、今作はその正統進化版だと思っていました。
　リアリティのあるモーションを再現したいからか分かりませんが、先行入力のタイミングがかなりシビアに
　なっており、ハンターのモーションが不発になることがしばしばあります。なんで下手に調整しちゃったん
　でしょうかね？

・上限が決まっているキャンプ
　なぜ上限を決めているのか、理解できません。せめて一度発見したキャンプ地候補にはファストトラベルさ
　せてくれよ・・・。

【悪い点】
※ここから先は、上の何とも言えない点が些細な不満程度に感じるレベルの欠点となります。

・高すぎる要求PCスペック
　誰しもが、「綺麗なグラフィック、ヌルヌル動く画面」を想像します。しかし、PCでこれを叶えるとなる
　と、相当のスペックを要求されます。PCで本作を始めたい方にはPS5Proを買うことをお勧めします。ワー
　ルドでも綺麗だったのに、さらにハードルを上げた結果、デバイスが追い付かないという致命的欠点が生じ
　てしまいました。

・全体的に暗すぎるマップ
　良い点で紹介したグラフィックの良さですが、緋の森以外では季節（豊穣期、異常気象など）の違いがあん
　まり分かりません。
　特に氷霧の断崖や竜都では、何が豊穣期で何が異常気象なのか全くわかりません。モンハン2の季節システ
　ムをうまく使いこなせていないといった感想です。
　また、全体的にマップが暗いせいで、陰鬱とした印象を受けるのも良くない点です。結果、モンハンワール
　ドよりもマップが汚く見えることとなってしまいました。

・セクレト移動による弊害
　過去作のモンハンでは、ハンターが走ってマップを移動するため、半ば強制的にマップの細部を見ることに
　なるので、「この景色がもっとリアルになったらなぁ・・・」という感想を抱くことがあったかと思います
　が、今作では移動はセクレトで行うのでマップの細部を見る機会がほぼありません。開発が力を入れたとい
　うマップの細部が、日の目を浴びることがほぼないのです。

・「たこしあ」を開発が邪魔している
　かつてのモンハンでは、クエストに出現するメインモンスターの他に、格上のモンスターがいたりして、そ
　れを頑張って倒すことで楽な装備を構成することが出来ましたが、本作ではほぼできません。また、メイン
　モンスター以外は「対象のモンスターではありません！」とNPCに諭される始末です。ハンターの自由なハ
　ンティングライフを開発が語っておきながら、かつてないほどに自由のない狩りを強いられます。

・やりがいのないメインクエスト
　もし本作をプレイ済みで、「なんかメインクエストのやりがいが少ないな」と感じた方は正しいと思いま
　す。というのも、過去のモンハンでは強いモンスターと戦うために武器を作ったり、防具を新調することが
　ハンティングサイクルに組み込まれていました。本作のメインクエストではそれがほぼ必要ありません。下
　位でメインクエストをほぼ完結させるという構成＋初心者にも優しい難易度のせいで、下位時点で装備を更　
　新する理由がほぼないからです。仮に更新したところで「これって強くなったか？」という、誤差レベルの
　話です。また、スキルの不自由さも相まって魅力的な装備がほぼないのです。

・ゴグマジオスについて
　私はモンハン４、４Gをプレイしていなかったので、ゴグマジオスとは初めての対戦となりました。アプデ
　が来る前に４Gの動画を漁り「これがゴグマジオスか、どれだけ強いんだろう」と心ワクワク。第４弾アプ
　デの映像を見返して、期待は最高潮。楽しくないわけがない。
　そう思っていた頃が僕にもありました。
　最終エリアに入るとほとんど飛び続けているゴグマジオス。飛び道具（武器ですらない）で空を狙い続ける
　ハンター。落ちてくる地雷重油。結果、クエスト時間は長いのに楽しくないし、戦闘時間がびっくりするほ
　ど短い、シューティングゲーが完成してしまいました。本作初の古龍ということもあり、がっつり殴り合え
　るのを楽しみにしていたのですが、完全なギミックゲーとなり果ててしまいました。

・巨戟武器について
　本作最後のアプデの目玉のエンドコンテンツとなります。
　とあるモンスターを周回し、自分の組んだ防具構成にあった武器を錬成し続ける沼要素となっています。
　これ自体は好きなのですが、問題は周回するモンスター。そう、ゴグマジオスです。もう何も言わなくても
　お分かりですね？
　
・特に深堀されないキャラストーリー
　なんだろう、特にストーリーに関係のない、キャラクターたちの過去を匂わせておきながら、特に何もあり
　ません。これ要る？せめてワイルズ内でサブクエストの一つでも用意してくれればいいのに・・・。
　
・高すぎる体力、スピーディすぎる戦闘
　これは完全に個人の主観なので、合わないと思った方は見なくていいと思います。
　過去のモンハンではモンスターの動きを理解し、回避し、隙を狙って一撃を叩き込むという戦いが主流であ
　り、それがモンスターハンターの狩猟体験だと感じてきました。今作では常に攻撃し続けることが前提に置
　かれており、ガード、カウンター、ジャスト回避が前提の難易度となっています。結果、常に忙しない動き
　をし続ける必要があり、ゴッドイーターをプレイしている気分です。大剣は常に相殺、太刀は常にカウンタ
　ー、双剣は常にジャスト回避、といった具合です。これはこれで爽快ですが、モンハンか？と言われると
　NOと言わざるを得ない。その辺はサンブレイクのほうが洗練されたアクション性だったと思います。

・アプデ商法について
　アップデート自体には反対ではありませんが、あまりにも期間が長いのと、追加モンスターが少なすぎると
　いう点です。ワールド時代から言われていることですが、本作でも改善されていません。
　第一弾アプデなんて、タマミツネ（追加）と歴戦王レ・ダウだけで3か月ですよ！？何を楽しめっていうん
　だ・・・。
　本当に今のモンハンは、アップデートがすべて終わった後に買うべきだと心の底から思います。
　私は発売日に買いましたが、そこからの一年間はデバッガーとしてプレイしていたに過ぎません。
　今はかなりの改善アプデのおかげで相当遊びやすいゲームとなりましたが、発売当初はひどかったもので
　す。この不満を書いてしまうと、100万字書いても書ききれないくらいの不満が出てきますので書かないで
　おきます。

【総評】
ここまで酷評しておいてなんですが、今からプレイする分には十分良ゲーといったところでしょうか。
ただし、「MRまで待てるよ！MRから本腰を入れたいよ！」という方は、やはりMRの最終アプデが出尽くすのを待つことをお勧めします。

以上、老害ハンターのレビューでした。",True,positive,7,0.576246678829193115,neutral,0.912
難易度・進行,難易度,17,"今作では常に攻撃し続けることが前提に置
　かれており、ガード、カウンター、ジャスト回避が前提の難易度となっています。","老害ハンターのレビュー　
プレイ時間:540時間　HR:999

【良い点】
・グラフィックが美しい
　さすがのグラフィックと言わざる得ない。
　特に、豊穣期の緋の森の美しさは、海外ゲームによくある高グラフィックに追いついているレベルであり、
　かつてのモンハンしか知らない人は、度肝を抜かれることでしょう。

・リアリティのある挙動、音
　上記のグラフィックと合わせて、世界観への没入感が凄まじく、子供の頃から描いていた理想のモンハンと
　いった感じ。

・集中モード
　今までには考えられなかった、攻撃モーション中にハンターの向きを変えられる神機能。今後のモンハンで
　も続投してほしいと思うほどの便利さ。これに慣れると、過去作モンハンで攻撃の空振りを連発します。

【何とも言えない点】
・どうでもいいアプデ
　「〇〇の宴」という、期間限定のお祭り？期間のようなものがあり、テーマに応じたチャーム、ハンターの　
　モーション、チャットのスタンプ、などなどが追加されています。
　追加モンスターとクエスト以外は別に求めてないし、最初から実装しておけよというがっかり感。というの
　も、多くの人が楽しみにしているであろう大型アプデの予告番組では、これらがほとんどの内容を占めてお
　り、はっきり言ってモンスターそっちのけ。これらを開発するくらいならモンスターの一体でも復刻してく
　れよといった感じ。

・なぜか変更されている先行入力
　私はモンハンワールド、アイスボーンを長くプレイしており、今作はその正統進化版だと思っていました。
　リアリティのあるモーションを再現したいからか分かりませんが、先行入力のタイミングがかなりシビアに
　なっており、ハンターのモーションが不発になることがしばしばあります。なんで下手に調整しちゃったん
　でしょうかね？

・上限が決まっているキャンプ
　なぜ上限を決めているのか、理解できません。せめて一度発見したキャンプ地候補にはファストトラベルさ
　せてくれよ・・・。

【悪い点】
※ここから先は、上の何とも言えない点が些細な不満程度に感じるレベルの欠点となります。

・高すぎる要求PCスペック
　誰しもが、「綺麗なグラフィック、ヌルヌル動く画面」を想像します。しかし、PCでこれを叶えるとなる
　と、相当のスペックを要求されます。PCで本作を始めたい方にはPS5Proを買うことをお勧めします。ワー
　ルドでも綺麗だったのに、さらにハードルを上げた結果、デバイスが追い付かないという致命的欠点が生じ
　てしまいました。

・全体的に暗すぎるマップ
　良い点で紹介したグラフィックの良さですが、緋の森以外では季節（豊穣期、異常気象など）の違いがあん
　まり分かりません。
　特に氷霧の断崖や竜都では、何が豊穣期で何が異常気象なのか全くわかりません。モンハン2の季節システ
　ムをうまく使いこなせていないといった感想です。
　また、全体的にマップが暗いせいで、陰鬱とした印象を受けるのも良くない点です。結果、モンハンワール
　ドよりもマップが汚く見えることとなってしまいました。

・セクレト移動による弊害
　過去作のモンハンでは、ハンターが走ってマップを移動するため、半ば強制的にマップの細部を見ることに
　なるので、「この景色がもっとリアルになったらなぁ・・・」という感想を抱くことがあったかと思います
　が、今作では移動はセクレトで行うのでマップの細部を見る機会がほぼありません。開発が力を入れたとい
　うマップの細部が、日の目を浴びることがほぼないのです。

・「たこしあ」を開発が邪魔している
　かつてのモンハンでは、クエストに出現するメインモンスターの他に、格上のモンスターがいたりして、そ
　れを頑張って倒すことで楽な装備を構成することが出来ましたが、本作ではほぼできません。また、メイン
　モンスター以外は「対象のモンスターではありません！」とNPCに諭される始末です。ハンターの自由なハ
　ンティングライフを開発が語っておきながら、かつてないほどに自由のない狩りを強いられます。

・やりがいのないメインクエスト
　もし本作をプレイ済みで、「なんかメインクエストのやりがいが少ないな」と感じた方は正しいと思いま
　す。というのも、過去のモンハンでは強いモンスターと戦うために武器を作ったり、防具を新調することが
　ハンティングサイクルに組み込まれていました。本作のメインクエストではそれがほぼ必要ありません。下
　位でメインクエストをほぼ完結させるという構成＋初心者にも優しい難易度のせいで、下位時点で装備を更　
　新する理由がほぼないからです。仮に更新したところで「これって強くなったか？」という、誤差レベルの
　話です。また、スキルの不自由さも相まって魅力的な装備がほぼないのです。

・ゴグマジオスについて
　私はモンハン４、４Gをプレイしていなかったので、ゴグマジオスとは初めての対戦となりました。アプデ
　が来る前に４Gの動画を漁り「これがゴグマジオスか、どれだけ強いんだろう」と心ワクワク。第４弾アプ
　デの映像を見返して、期待は最高潮。楽しくないわけがない。
　そう思っていた頃が僕にもありました。
　最終エリアに入るとほとんど飛び続けているゴグマジオス。飛び道具（武器ですらない）で空を狙い続ける
　ハンター。落ちてくる地雷重油。結果、クエスト時間は長いのに楽しくないし、戦闘時間がびっくりするほ
　ど短い、シューティングゲーが完成してしまいました。本作初の古龍ということもあり、がっつり殴り合え
　るのを楽しみにしていたのですが、完全なギミックゲーとなり果ててしまいました。

・巨戟武器について
　本作最後のアプデの目玉のエンドコンテンツとなります。
　とあるモンスターを周回し、自分の組んだ防具構成にあった武器を錬成し続ける沼要素となっています。
　これ自体は好きなのですが、問題は周回するモンスター。そう、ゴグマジオスです。もう何も言わなくても
　お分かりですね？
　
・特に深堀されないキャラストーリー
　なんだろう、特にストーリーに関係のない、キャラクターたちの過去を匂わせておきながら、特に何もあり
　ません。これ要る？せめてワイルズ内でサブクエストの一つでも用意してくれればいいのに・・・。
　
・高すぎる体力、スピーディすぎる戦闘
　これは完全に個人の主観なので、合わないと思った方は見なくていいと思います。
　過去のモンハンではモンスターの動きを理解し、回避し、隙を狙って一撃を叩き込むという戦いが主流であ
　り、それがモンスターハンターの狩猟体験だと感じてきました。今作では常に攻撃し続けることが前提に置
　かれており、ガード、カウンター、ジャスト回避が前提の難易度となっています。結果、常に忙しない動き
　をし続ける必要があり、ゴッドイーターをプレイしている気分です。大剣は常に相殺、太刀は常にカウンタ
　ー、双剣は常にジャスト回避、といった具合です。これはこれで爽快ですが、モンハンか？と言われると
　NOと言わざるを得ない。その辺はサンブレイクのほうが洗練されたアクション性だったと思います。

・アプデ商法について
　アップデート自体には反対ではありませんが、あまりにも期間が長いのと、追加モンスターが少なすぎると
　いう点です。ワールド時代から言われていることですが、本作でも改善されていません。
　第一弾アプデなんて、タマミツネ（追加）と歴戦王レ・ダウだけで3か月ですよ！？何を楽しめっていうん
　だ・・・。
　本当に今のモンハンは、アップデートがすべて終わった後に買うべきだと心の底から思います。
　私は発売日に買いましたが、そこからの一年間はデバッガーとしてプレイしていたに過ぎません。
　今はかなりの改善アプデのおかげで相当遊びやすいゲームとなりましたが、発売当初はひどかったもので
　す。この不満を書いてしまうと、100万字書いても書ききれないくらいの不満が出てきますので書かないで
　おきます。

【総評】
ここまで酷評しておいてなんですが、今からプレイする分には十分良ゲーといったところでしょうか。
ただし、「MRまで待てるよ！MRから本腰を入れたいよ！」という方は、やはりMRの最終アプデが出尽くすのを待つことをお勧めします。

以上、老害ハンターのレビューでした。",True,positive,7,0.576246678829193115,neutral,0.784
難易度・進行,ランク,19,やり込み要素は上位の現在ですらMHR:SB程あり、マスターランクではどうなってしまうのか楽しみです。,"MHR:SBから始めて2ndG、Tri、3rd、TriG、4、W:IBとやった上でのWilds。
色々言われていますが、個人的には素晴らしいゲームだと思っています。
感動するストーリー、進化したグラフィック、モンスターの行動。
武器を知らない人々。次々と現れる難題に、""ハンター""がどう立ち向かうか。
英雄の証アレンジ、メインテーマを始め、素晴らしい曲が多いのも高評価です。
特にTriを遊んでいた方にはラギアクルス戦はやってほしい。

レア素材確定クエストなどはあり、周回は比較的早く終わりますが、やり込み要素は上位の現在ですらMHR:SB程あり、マスターランクではどうなってしまうのか楽しみです。",True,positive,4,0.493024826049804688,positive,0.9734
難易度・進行,ランク,30,マスターランクではもう少し楽しい最終戦フェーズに調整しなおしてほしいところです。,"ゴグマジオス以外は面白いと思いましたし、充分に楽しませてもらいました。
DS系のモンハンはやらなかったので、初ゴグマジオスでしたが、あんなにもテンションの上がらない英雄の証はいままでプレイしてきたモンハンで初めてでした。
マスターランクではもう少し楽しい最終戦フェーズに調整しなおしてほしいところです。
ガチで面白くないです。",True,positive,4,0.52077329158782959,positive,0.5265
難易度・進行,クリア,34,"ストーリークリアとエンドコンテンツにちょっと触れる、または触れる前くらいまでは
楽しめると思いますの","MRが発表されました。

アクションは歴代のMHシリーズでも随一なので、楽しめると思います。

とはいえ問題点も多く、MRの拡張に併せて改善を期待しているところですが、
UI問題等を代表とし、拡張コンテンツでは修正が難しいであろう問題点
（UIについて、アイテムチェスト、加工屋の基礎的、根本的なUIの完成度の低さを、拡張コンテンツにおいて
根本的に改善、つまり作り直すことは期待できない）
が多く存在しますので、そこがどうなるか、今後の情報に関心が高まります。

ストーリークリアとエンドコンテンツにちょっと触れる、または触れる前くらいまでは
楽しめると思いますので、その点においてはおすすめしますが、
例えばワールドやライズを千時間単位でやっていて、それと同じ水準、快適さを求めているとしたら、
それはなかなか難しいかもしれません。
",False,negative,9,0.475624442100524902,positive,0.9645
難易度・進行,クリア,40,１２時間程度でとりあえずストーリーはクリア。,"セールで購入させて頂きました。１２時間程度でとりあえずストーリーはクリア。
発売当初、クラッシュ祭りということで様子をみて購入しましたが、やはりクラッシュする。
推奨スペックは満たしてるPCでプレイしてます。（推奨ギリギリスペック）
たまご運んで、やっと最後でクラッシュ。
イャンクックでクラッシュ。
もう大先生だよ。

クラッシュ問題を除けば、面白いと思う。
受付嬢おらんし。

追記：カプコンさんが提案しているトラブルシューティングを一通りすべてやってみました。
が、、、、やはりクラッシュしました。試しに前回クラッシュした大先生で試しましたが、やはり命尽きる前にクラッシュする。もうなんやねんｗ
ソフト面の環境はクラッシュが怖いのでぼぼ低設定にしてます。
私の場合ですが、モンスターが弱ってる時に限ってクラッシュします。
アルシュベルドで１回、イャンクックで２回。
現状遊べない程ではありませんが、やはり気分落ちます。
１回目のクラッシュの時は「俺もクラッシュした！！」とかなんでか喜んでたけど、、、ｗ

VRAMなどモニターしながら今プレイしてますが、ハードの問題ではないと思ってる。

評価は今回で離れていく狩人たちもいるでしょうが、カプコンさん応援してますの意味を込めてと受付嬢いないのでグッド！！！",True,positive,5,0.529335558414459229,positive,0.925
難易度・進行,難易度,46,"負荷の影響かグラフィックが怪しくなりがちでムービー中もキャラの肌が麻袋化してガンギマリする
キャラクリしても違う顔になって口の動きがパペット化する
拠点行くとNPC含めキャラの顔色が悪く亡者みたいに…

モンスターはそうなってても違和感ないけど人物がこうなるとモチベダダ下がりになるしswitchのライズの方が活き活きしている

狩りや素材収集に関しては出過ぎなくらい出るので3回くらいで装備が揃う難易度

懐かしいモンス来てもそれのせいでやってる感が薄まってるような気も

ワールド、アイスボーンから皮ペタからの反省か素材元のモンスを意識した武器の作りなのだが色々勿体ないなと","負荷の影響かグラフィックが怪しくなりがちでムービー中もキャラの肌が麻袋化してガンギマリする
キャラクリしても違う顔になって口の動きがパペット化する
拠点行くとNPC含めキャラの顔色が悪く亡者みたいに…

モンスターはそうなってても違和感ないけど人物がこうなるとモチベダダ下がりになるしswitchのライズの方が活き活きしている

狩りや素材収集に関しては出過ぎなくらい出るので3回くらいで装備が揃う難易度

懐かしいモンス来てもそれのせいでやってる感が薄まってるような気も

ワールド、アイスボーンから皮ペタからの反省か素材元のモンスを意識した武器の作りなのだが色々勿体ないなと",False,negative,20,0.527810335159301758,neutral,0.5781
難易度・進行,難易度,50,オメガ零式の難易度は想像以上でした。,"アイスボーンをちょっと触ったくらいで、やりこんだのはこちらのワイルズが初めてです。
自分はFF14コラボのために買いましたが元は十分取れましたし大変満足しています。
様々なゲーム作品のクロスオーバーやコラボを遊びましたがここまでお互いのゲームをリスペクトしたコラボはなかなかお目にかかれないと思います。
まさかモンハンの世界でDPSチェックされると思っていませんでした。
オメガ零式の難易度は想像以上でした。最高です。
上限解放強化ができるようになったため、周回要素も増えてきました。
ストーリーが一本道なのはまあ…確かにそうかもしれませんが、RPG慣れしている人からするとまあそんなもんかなという感覚です。
古株ハンターさん達からは不評かもしれませんが、自分のまわりの光の戦士の間では好評でした。
惜しむべくは必要スペックが高いことでしょうか。最近PCパーツ高いですしね…。
",True,positive,6,0.499421089887619019,neutral,0.7132
難易度・進行,難易度,53,大型モンスターが次々出てくる割に初心者でも進めやすい難易度設定になっていてストーリーは辞め時がないくらい面白かった。,"大型モンスターが次々出てくる割に初心者でも進めやすい難易度設定になっていてストーリーは辞め時がないくらい面白かった。
もともとそこまで得意ではないのだが、ラスボスまでスムーズに攻略できてストレスフリー。",True,positive,2,0.5,positive,0.968
難易度・進行,クリア,59,"モンハン版FF13
当時一本道と揶揄されたFF13のストーリー進行と近い感覚でストーリーをやらされました
このストーリーに感情移入できないのであれば苦痛に近いです
マップも広いですが情報量が増え見づらいです
UIもそうですが全体的に洗練された印象を受けません誰がどこにいるのかも分かりづらい
セクレトが無限ループして目的地に辿り着かない
初めてクリアまで行けないモンハンでした
もうモンハンは買いません","モンハン版FF13
当時一本道と揶揄されたFF13のストーリー進行と近い感覚でストーリーをやらされました
このストーリーに感情移入できないのであれば苦痛に近いです
マップも広いですが情報量が増え見づらいです
UIもそうですが全体的に洗練された印象を受けません誰がどこにいるのかも分かりづらい
セクレトが無限ループして目的地に辿り着かない
初めてクリアまで行けないモンハンでした
もうモンハンは買いません",False,negative,16,0.512666225433349609,negative,0.966
難易度・進行,難易度,63,"ゲームとして歴史がそこそこあるため、
モンスターもハンターもインフレを重ねてしまい、高難易度クエストを用意するには、自分たちで用意したジャスガというシステムを完封する多段攻撃を持ったモンスターを作るしかないのだろうと思う。","大型DLCが発表されたためなんとなく復帰し、いままで感じていた不満を今更ながら書いてみる

「オススメしない」を選択しているが、全く面白くないわけではない。
新規IPとしてみればおすすめできるが、モンハンという土台を想定している人にはおすすめできない。

HR444まで遊べたのは、シリーズの土台が強いからだと思う。モンスターを倒し、素材を集め、装備を作り、スキルを考えて強敵を倒すという基本のループはやはり面白い。ただ、その面白さはワイルズ独自の要素によるものではなく、従来からあるモンハンの魅力に支えられていた。

『モンスターハンターワイルズ』への不満は、ゲーム側が求める対応と、実際に用意されている操作手段が噛み合っていないように感じる点にある。

ジャストガードについて、歴戦王クラスの攻撃は高火力・広範囲・多段・追撃が多く、回避だけで安定して対処するのは難しい。そのためジャストガードで対応するのが自然に思えるが、実際にはジャストガードに成功しても削りを受けたり、硬直で次の攻撃に巻き込まれたりする場面がある。完全にいなしたはずなのにリターンが薄く、むしろ不利になることがあるのは、アクションゲームとして納得しづらい。

セクレトも同様で、本来は危険離脱や回復・研ぎを支える便利なシステムのはずだが、呼んでも遠くから来たり、モンスターの攻撃範囲を通過して移動したりすることがある。結果として、安心して任せられる補助ではなく、手動で管理しなければならない不安定要素になっている。

大きな点はこの２つで、小さなストレスを挙げればきりがない。

広げすぎた風呂敷の整合性が取れない部分を、リアルな生態系というふわっとした免罪符で雑に処理したゲームという感覚があり、「モンハンだから遊べた」作品ではあるが、「ワイルズだから良かった」と感じられる点はほとんどなかった。

ゲームとして歴史がそこそこあるため、
モンスターもハンターもインフレを重ねてしまい、高難易度クエストを用意するには、自分たちで用意したジャスガというシステムを完封する多段攻撃を持ったモンスターを作るしかないのだろうと思う。　意味不明なマッチポンプである。
大型DLCは買っても、完全な次回作はもう買わないかもしれない",False,negative,15,0.488053947687149048,neutral,0.6242
難易度・進行,ランク,73,ひとまず、マスターランクへの足掛かりとしては歴戦王マラソンまでしなくても十分だろう。,"　ひとまず、マスターランクへの足掛かりとしては歴戦王マラソンまでしなくても十分だろう。といったところまでプレイした感想です。
　モンハンライズやサンブレイクの方が楽しいというコメントも見られますが自分としてはゲーム性が違い過ぎて比較対象として不適切という感想になります。
　ライズやサンブレイクが、ロックマンシリーズやファンタジー系アクションRPGだとするとワイルズはデビルメイクライやストリートファイターに近い方向性でしょうか？
　各種ジャストアクションを能動的に回せるのであれば爽快感を感じながらハンティングを楽しめるが扱えないなら攻撃にビビり散らしながら逃げ回る事になるので楽しさより苦痛を感じる事になるのは想像に容易いです。
　ゲーム側で用意されたスキルでどうにかする任天堂のハードで遊ぶモンハンが好きなら、任天堂ハードのタイトルを待った方がいいかも？
　プレイヤー側のスキルでどうにかするモンハンが好きなら断然ワイルズといったのが自分が両者を比較したうえでの感想になるでしょうか。

　次は発表当初から指摘されているパフォーマンス問題ですが自分のPCのスペックは下の通りで必要十分なスペックを持っていますが読み込み周りでちょっと遅延があるかな？特にZ軸の空間の読み込みが上手くいっていないのが少し気になる。といった感想でしょうか。
　プレステ５のマシンスペックに依存したパワープレイをしてしまっているのではないのか？最近のゲームは高性能すぎるゲーム機に対応するため開発費が青天井になってしまっている事は知っているのでゲーマーとしてはこんな無茶をするなら妥協しろ。売り手も買い手も幸せにならない。そんな思いを抱えながら遊んでました。
　マスターランクの初報も発表されましたしマスターランクまでにシリーズ伝統の読み込みが画面を復活させた方が双方にとって幸せな結果になるのではないでしょうか。

　総評
　賛否両論の評価は妥当。
　カプコン本来のゲーム性が好きな人にはオススメ。
　マスターランクに向けた開発元への最大の要望はモンハンシリーズへの意気込みもプレッシャーも理解できるから全部盛のビュッフェではなく。磨き抜かれた一点物としてのモンハンが見たい。できる事できない事の取捨選択をしてほしい。でしょうか。",True,positive,4,0.511077523231506348,positive,0.659
難易度・進行,ランク,73,マスターランクの初報も発表されましたしマスターランクまでにシリーズ伝統の読み込みが画面を復活させた方が双方にとって幸せな結果になるのではないでしょうか。,"　ひとまず、マスターランクへの足掛かりとしては歴戦王マラソンまでしなくても十分だろう。といったところまでプレイした感想です。
　モンハンライズやサンブレイクの方が楽しいというコメントも見られますが自分としてはゲーム性が違い過ぎて比較対象として不適切という感想になります。
　ライズやサンブレイクが、ロックマンシリーズやファンタジー系アクションRPGだとするとワイルズはデビルメイクライやストリートファイターに近い方向性でしょうか？
　各種ジャストアクションを能動的に回せるのであれば爽快感を感じながらハンティングを楽しめるが扱えないなら攻撃にビビり散らしながら逃げ回る事になるので楽しさより苦痛を感じる事になるのは想像に容易いです。
　ゲーム側で用意されたスキルでどうにかする任天堂のハードで遊ぶモンハンが好きなら、任天堂ハードのタイトルを待った方がいいかも？
　プレイヤー側のスキルでどうにかするモンハンが好きなら断然ワイルズといったのが自分が両者を比較したうえでの感想になるでしょうか。

　次は発表当初から指摘されているパフォーマンス問題ですが自分のPCのスペックは下の通りで必要十分なスペックを持っていますが読み込み周りでちょっと遅延があるかな？特にZ軸の空間の読み込みが上手くいっていないのが少し気になる。といった感想でしょうか。
　プレステ５のマシンスペックに依存したパワープレイをしてしまっているのではないのか？最近のゲームは高性能すぎるゲーム機に対応するため開発費が青天井になってしまっている事は知っているのでゲーマーとしてはこんな無茶をするなら妥協しろ。売り手も買い手も幸せにならない。そんな思いを抱えながら遊んでました。
　マスターランクの初報も発表されましたしマスターランクまでにシリーズ伝統の読み込みが画面を復活させた方が双方にとって幸せな結果になるのではないでしょうか。

　総評
　賛否両論の評価は妥当。
　カプコン本来のゲーム性が好きな人にはオススメ。
　マスターランクに向けた開発元への最大の要望はモンハンシリーズへの意気込みもプレッシャーも理解できるから全部盛のビュッフェではなく。磨き抜かれた一点物としてのモンハンが見たい。できる事できない事の取捨選択をしてほしい。でしょうか。",True,positive,4,0.511077523231506348,positive,0.941
難易度・進行,ランク,73,マスターランクに向けた開発元への最大の要望はモンハンシリーズへの意気込みもプレッシャーも理解できるから全部盛のビュッフェではなく。,"　ひとまず、マスターランクへの足掛かりとしては歴戦王マラソンまでしなくても十分だろう。といったところまでプレイした感想です。
　モンハンライズやサンブレイクの方が楽しいというコメントも見られますが自分としてはゲーム性が違い過ぎて比較対象として不適切という感想になります。
　ライズやサンブレイクが、ロックマンシリーズやファンタジー系アクションRPGだとするとワイルズはデビルメイクライやストリートファイターに近い方向性でしょうか？
　各種ジャストアクションを能動的に回せるのであれば爽快感を感じながらハンティングを楽しめるが扱えないなら攻撃にビビり散らしながら逃げ回る事になるので楽しさより苦痛を感じる事になるのは想像に容易いです。
　ゲーム側で用意されたスキルでどうにかする任天堂のハードで遊ぶモンハンが好きなら、任天堂ハードのタイトルを待った方がいいかも？
　プレイヤー側のスキルでどうにかするモンハンが好きなら断然ワイルズといったのが自分が両者を比較したうえでの感想になるでしょうか。

　次は発表当初から指摘されているパフォーマンス問題ですが自分のPCのスペックは下の通りで必要十分なスペックを持っていますが読み込み周りでちょっと遅延があるかな？特にZ軸の空間の読み込みが上手くいっていないのが少し気になる。といった感想でしょうか。
　プレステ５のマシンスペックに依存したパワープレイをしてしまっているのではないのか？最近のゲームは高性能すぎるゲーム機に対応するため開発費が青天井になってしまっている事は知っているのでゲーマーとしてはこんな無茶をするなら妥協しろ。売り手も買い手も幸せにならない。そんな思いを抱えながら遊んでました。
　マスターランクの初報も発表されましたしマスターランクまでにシリーズ伝統の読み込みが画面を復活させた方が双方にとって幸せな結果になるのではないでしょうか。

　総評
　賛否両論の評価は妥当。
　カプコン本来のゲーム性が好きな人にはオススメ。
　マスターランクに向けた開発元への最大の要望はモンハンシリーズへの意気込みもプレッシャーも理解できるから全部盛のビュッフェではなく。磨き抜かれた一点物としてのモンハンが見たい。できる事できない事の取捨選択をしてほしい。でしょうか。",True,positive,4,0.511077523231506348,neutral,0.8614
難易度・進行,クリア,80,"ベータテストは参加、リリース直後にストーリークリア、やることがなく離れ、
最近復帰した人間のレビューになります。","ベータテストは参加、リリース直後にストーリークリア、やることがなく離れ、
最近復帰した人間のレビューになります。
基本的に好意的よりの意見になります。

・ストーリーについて
メインストーリーはあまり憶えていないです。
ゾシア戦でハンターがかっこよかったことだけ覚えています。
適当にプリセットの中から選んで造形を終わりにしていましたが、もっとキャラメイクに注力すべきでした。
アカウントの管理を厳密にやりたいからだと思うので、それについては理解を示しますが、月が替わったらリセットされたりしたらうれしいです。
ゴグマのストーリーはよかったです。

・アクション
操虫棍を除けば、全体的に操作しやすい気がします。
基本的にジャスガとかジャスト回避ができれば、どの武器も安定した操作ができると思います。
一部難しいアクションはありますが、火力の安定性の観点から見ると、そこまで大差は出ないと思います。
アイテム選択は改修して欲しいと思ってます、誤操作未だにします。

・よく使っている武器について
よく使っているのは、チャアク、ライト、片手、弓、笛などです。
リリース直後はガンスと太刀しか使っていませんでした。
自己紹介に相当する部分だと思うので、最初に出すべきでした。

現在はモンスターによって使い分けています。
周回モンスターによって野良の武器種も変わっているので、割と同じ考えのひと多い気がします。
もっとも私はゴグマはともかく、ゾシアも前半と後半で、武器を切り替えています。
（ゾシアはライト→チャアク、ゴグマはガンス→チャアク　もっとも最近はずっとチャアク握っていることも多いです。）
武器種も変えるのは私だけかと思いましたが、意外と変えている方は多いです。

・武器格差について
プレイヤースキルもそうですが、適切な準備をしてこれるかも大きいです。
例えば、ゴグマでなぜか私以外の野良が全員麻痺武器を担いできたことがありました。
DPSチェックは約ゴグマ200体を注ぎ込み厳選したチャアクの属性４ パワー!!
（ただし切れ味は付けられていない）でなんとかなりました。

いつもの周回感覚だと、終わっているところで終わらなかったので、
首をかしげなら一生属性開放していました。正直ゲームのバグかと思いました。

前置きが長くなりましたが、現環境火力３弱候補のランス、ハンマー、大剣あたりがいても、
龍属性用意なら普通に１ターンで終わっているので、武器種自体は本当に何でもいいと思います。
（レビューが参考にされるかわかりませんが、２，３ターンデフォでかかっている人は、
　火力が出せてないので、立ち回り見直した方がいいと思います。
　考えるのめんどくさかったら、適当に属性３ぐらいまで厳選したアーティアチャアクで翼脚に属性開放でいいと思います。クリアがそもそも安定しなかったらアルシュ笛で、音の防壁ばらまくマンがおすすめです。）

・ボリュームについて
今は護石堀りに、アーティア厳選、悪しき文明ばかりですが、無限にやることはあります。
ただ、上記の厳選作業に適したモンスターはかなり限られて来ます。
現状としては、そのモンスターが合っているかどうかがこのゲームの、
ゲーム体験の主な部分になる気がします。
私は、ゴグマとかゾシアとか、ルーティン感覚で狩れるやつばっかやっているので、
多分合っていると思います。アルベドはあんまり行きません。
ルーティン作業が合わない人はもちろんですが、
★10とかゴグマが安定して狩れる動きが出来るかどうかも焦点だと思いました。",True,positive,3,0.457567304372787476,neutral,0.9241
難易度・進行,クリア,80,クリアがそもそも安定しなかったらアルシュ笛,"ベータテストは参加、リリース直後にストーリークリア、やることがなく離れ、
最近復帰した人間のレビューになります。
基本的に好意的よりの意見になります。

・ストーリーについて
メインストーリーはあまり憶えていないです。
ゾシア戦でハンターがかっこよかったことだけ覚えています。
適当にプリセットの中から選んで造形を終わりにしていましたが、もっとキャラメイクに注力すべきでした。
アカウントの管理を厳密にやりたいからだと思うので、それについては理解を示しますが、月が替わったらリセットされたりしたらうれしいです。
ゴグマのストーリーはよかったです。

・アクション
操虫棍を除けば、全体的に操作しやすい気がします。
基本的にジャスガとかジャスト回避ができれば、どの武器も安定した操作ができると思います。
一部難しいアクションはありますが、火力の安定性の観点から見ると、そこまで大差は出ないと思います。
アイテム選択は改修して欲しいと思ってます、誤操作未だにします。

・よく使っている武器について
よく使っているのは、チャアク、ライト、片手、弓、笛などです。
リリース直後はガンスと太刀しか使っていませんでした。
自己紹介に相当する部分だと思うので、最初に出すべきでした。

現在はモンスターによって使い分けています。
周回モンスターによって野良の武器種も変わっているので、割と同じ考えのひと多い気がします。
もっとも私はゴグマはともかく、ゾシアも前半と後半で、武器を切り替えています。
（ゾシアはライト→チャアク、ゴグマはガンス→チャアク　もっとも最近はずっとチャアク握っていることも多いです。）
武器種も変えるのは私だけかと思いましたが、意外と変えている方は多いです。

・武器格差について
プレイヤースキルもそうですが、適切な準備をしてこれるかも大きいです。
例えば、ゴグマでなぜか私以外の野良が全員麻痺武器を担いできたことがありました。
DPSチェックは約ゴグマ200体を注ぎ込み厳選したチャアクの属性４ パワー!!
（ただし切れ味は付けられていない）でなんとかなりました。

いつもの周回感覚だと、終わっているところで終わらなかったので、
首をかしげなら一生属性開放していました。正直ゲームのバグかと思いました。

前置きが長くなりましたが、現環境火力３弱候補のランス、ハンマー、大剣あたりがいても、
龍属性用意なら普通に１ターンで終わっているので、武器種自体は本当に何でもいいと思います。
（レビューが参考にされるかわかりませんが、２，３ターンデフォでかかっている人は、
　火力が出せてないので、立ち回り見直した方がいいと思います。
　考えるのめんどくさかったら、適当に属性３ぐらいまで厳選したアーティアチャアクで翼脚に属性開放でいいと思います。クリアがそもそも安定しなかったらアルシュ笛で、音の防壁ばらまくマンがおすすめです。）

・ボリュームについて
今は護石堀りに、アーティア厳選、悪しき文明ばかりですが、無限にやることはあります。
ただ、上記の厳選作業に適したモンスターはかなり限られて来ます。
現状としては、そのモンスターが合っているかどうかがこのゲームの、
ゲーム体験の主な部分になる気がします。
私は、ゴグマとかゾシアとか、ルーティン感覚で狩れるやつばっかやっているので、
多分合っていると思います。アルベドはあんまり行きません。
ルーティン作業が合わない人はもちろんですが、
★10とかゴグマが安定して狩れる動きが出来るかどうかも焦点だと思いました。",True,positive,3,0.457567304372787476,neutral,0.8272
難易度・進行,クリア,96,アップデートで新しいモンスターが追加されてもすぐクリアできてしまって物足りない。,最近のカプコン作品は新しいものばかり取り入れようとして、ファンが期待している内容を見事に外してくる。ワイルズに関してはワールドを継承しつつブラッシュアップすればいいものを、効率よくし過ぎてゲーム自体が簡単に遊び終わってしまう。このゲームのために最新のPCを購入して一か月もせずコンプリートしてしまってやることが見つからない。アップデートで新しいモンスターが追加されてもすぐクリアできてしまって物足りない。もっと時間をかけて長く遊ばれるような作品にしたらよかったのに。もう十分映像は奇麗なんだからスペックは求めていない。そうじゃなくて内容を充実させてほしい。次回作は私はとりあえず買わないと思う。,False,negative,70,0.55201256275177002,negative,0.988
難易度・進行,難易度,99,高難易度のモンスターは攻撃が途切れずずっと暴れているのがざらでして。,"今作の大きな変化は何といっても戦闘密度だと思っています。
前作でも無敵技やカウンター技が増えて強引に自分のターンを作ることができましたが、本作はさらにその方向に伸びました。
ジャストガードが取れれば、ガードの後隙を減らしつつ攻勢に転じることができ、
相殺が取れれば、相手のターンを強制的に終えることができるようになりました。

研ぎ澄ますという言葉のままに、モンスターの一挙一動に対して後の先を取り、タイミングを熟知することで無駄がボロボロ削げるのが快感。
本作の戦闘の行きつくところは「狩猟が完成する」と表現するのが、ニュアンスに一番近いかなと思っています。
ただ、それありきになってしまっているので、高難易度のモンスターは攻撃が途切れずずっと暴れているのがざらでして。
覚えるまでは頻繁にお手玉に遭いますし、覚えるのを重要視してかモンスター数も減ってしまったのでそういうのは求めてなかったという意見にもすごく納得しています。

ともあれ大型拡張コンテンツは鋭意製作中だそうで、今夏の情報に期待を高めています",True,positive,43,0.620523929595947266,negative,0.7205
難易度・進行,難易度,106,今はアップデートで高難易度も追加されているらしいがやる気にならない。,"長らく愛してきたカプコンに不信を抱いた作品。
ゲームは面白いが値段相応の価値は無く思える。
アップデートで内容追加していくため、未完成のような状態で発売されているように思える。
初心者向けに簡単すぎたのも飽きる原因の一つ。今はアップデートで高難易度も追加されているらしいがやる気にならない。
長い歴史のモンハンの最新作であるので面白いのは確かだが、自分的には7000円程度が妥当。",False,negative,32,0.481821566820144653,negative,0.978
難易度・進行,ランク,115,2026年5月時点で一旦マスターランク実装までの間に今までのアップデート要素を楽しむことが出来るようになっているのでアップデートを待ち続ける苦行をする必要がなくなりおすすめ出来る代物とはなっているので今が買い時とは思います。,発売日に買ってボリュームのなさにフルプライスで購入したことを後悔したりもしましたがなんだかんだ続けてました。2026年5月時点で一旦マスターランク実装までの間に今までのアップデート要素を楽しむことが出来るようになっているのでアップデートを待ち続ける苦行をする必要がなくなりおすすめ出来る代物とはなっているので今が買い時とは思います。,True,positive,6,0.513017952442169189,positive,0.863
難易度・進行,難易度,117,（プレイヤーの選択・技量）に振ってくれた方が難易度は上がれど楽しむ層は居たんじゃないなぁ…って印象。,"※動作うんぬんはおまかんも含まれるので言及しません。
MRも来るみたいだし触ってくれたら嬉しいよね？って意味で高評価。
だ・け・ど…正直な意見はオープンワールド？の意味が全くない意欲作。
やることは突き詰めればシリーズ通して同じになってしまった。
”た”とえば”こ”んな”シ”チュエーションも”あ”れば面白かったのかもしれない。
砂原のヌシであるレ・ダウを狩猟中、エリア移動先が緋の森になる。そこには森のヌシであるウズ・トゥナも居るため両モンスターの縄張り争いによる激戦は必至。周辺の拠点への被害も考えれば狩猟対象を拡大しなければならない。単一から複数目標へ、”狩猟環境不安定”の時期にはハンターと編纂者の”選択が必要”になる事がある。
なぁんて事もなく、結局砂原は砂原内で決着をつけるので今まで通りの箱庭と同じです。
ハンターが何をするのか？（開発のエゴ）じゃなくてハンターが何ができるのか？（プレイヤーの選択・技量）に振ってくれた方が難易度は上がれど楽しむ層は居たんじゃないなぁ…って印象。
MRに期待して、今のうちに触って解禁待ちした方が良いよね？って気持ちですが、モンハンの冬はまだ続きそうだなってゲーム。",True,positive,0,0.5,neutral,0.8953
難易度・進行,"難易度, ランク",126,"もっとやりようがあったのではないだろうか・・・
装備も素材収集難易度上げて装備ランクごとの強さの差を広げて敵の強さ調整しないと装備を一式３つくらい作って簡単にストーリー終わるくらいまで行けてしまうので味気なかった。","フロンティア以来のモンハンプレイですので個人的には楽しめました。
現在では良くなっているが更新後の起動時や普通の起動時に時間がかかった
追加要素が細切れで、追加タイミングも時間がかかり過ぎ
武器調整の悪さ、バグの多さが目立った
などの不満要素がてんこ盛りでしたがアプデもほぼ終了した現在ではストレスなくプレイできる良作だと思います。
未だに残念な所は
オープンワールドなのにほとんど意味が無く、ただただゲームを重くしてるだけなのが残念で、もっとやりようがあったのではないだろうか・・・
装備も素材収集難易度上げて装備ランクごとの強さの差を広げて敵の強さ調整しないと装備を一式３つくらい作って簡単にストーリー終わるくらいまで行けてしまうので味気なかった。

MRにはかなり期待してるので頑張って欲しい。
ただ要求スペック上がったらキレるかもしれない・・・やめてね。",True,positive,3,0.505381405353546143,negative,0.9783
難易度・進行,ランク,127,"あくまで一部の基礎的なものに留まっています
エンドコンテンツに挑むには抽選でしか入手できない装飾品が事実上必須になってきます
こればかりは装飾品の収集がメインコンテンツに挙げられる段階で揃うことを祈るほかありません
もしもエンドコンテンツに挑めるランクになっても揃わなかった場合、ただでさえ足りない鎧玉を更に切り崩しながら抽選の当たる時をひたすら祈ることになります
（鎧玉と装飾品の抽選は同じアイテムを消費します）

[h1]モンスターランクのジャンプアップ[/h1]
現状、モンスターのランクは「下位」「上位」「歴戦」「歴戦王」という４つの種類があります
しか","初期に言われていた不快な要素はだいぶ落ち着いたと思います（解消したわけではない）
モンハンの従来作と比較して有料拡張コンテンツが無い状態でもコンテンツも十分に多く武器のバランスも良い方です
ただし、現時点では明確にオススメできない理由があると感じています
具体的に、アップデートで追加されたエンドコンテンツに挑めるようになるまでの緩和施策が不十分です

[h1]鎧玉に関する施策の不足[/h1]
鎧玉は防具の防御力を上げるのに必須の強化素材です
この鎧玉は１つの防具あたりの必要量がかなり多く、それが防具の数だけ必要になります
一時期のエンドコンテンツの１つであったためこのような設定だったのでしょう
しかし現状、[u]エンドコンテンツとしての役割を完了しているにも関わらず十分な緩和がされていません[/u]
一応鎧玉が集まりやすい配信クエストがあるのですが、レパートリーが少なくマルチプレイが前提です
そもそもの鎧玉の入手効率自体を改善するべきです

[h1]装飾人の確保方法の不足[/h1]
鎧玉が防御力に関わる強化要素なのに対して、装飾品はパッシブスキルに関わる強化要素です
こちらは付け外しがほぼ自由なので必要な個数が集まれば以後は不要になります
現在ではある程度の装飾品を任意の素材から作ることができるようになっていますが、あくまで一部の基礎的なものに留まっています
エンドコンテンツに挑むには抽選でしか入手できない装飾品が事実上必須になってきます
こればかりは装飾品の収集がメインコンテンツに挙げられる段階で揃うことを祈るほかありません
もしもエンドコンテンツに挑めるランクになっても揃わなかった場合、ただでさえ足りない鎧玉を更に切り崩しながら抽選の当たる時をひたすら祈ることになります
（鎧玉と装飾品の抽選は同じアイテムを消費します）

[h1]モンスターランクのジャンプアップ[/h1]
現状、モンスターのランクは「下位」「上位」「歴戦」「歴戦王」という４つの種類があります
しかし、このうち「歴戦」のランクはロードマップ上挑む意義の少ないランクとなっています
基本的な武器の強化には必須となりますがその量が少ないため、プレイヤーの経験が積めないロードマップになります
モンスターの動きを考えれば確かに「上位」から「歴戦王」にジャンプアップすることは可能です（「上位」→「歴戦」の段階でモンスターの動きの変化は小さいです）
しかし、ステータスで考えると相当な差があります
最終的に「歴戦王」ランクに挑むのが基本となるためどこかで経験を確保する必要があったのではないでしょうか

[hr][/hr]

配信クエストの中にはプレイヤーのランク上昇を助けるものもありますが、そもそもこれらの準備をしている間にHRは100になるでしょう
ランク上昇自体は悪いことではないのですが、それに伴い準備も整いやすくしなければ未成熟な装備でエンドコンテンツに挑むことになります
エンドコンテンツ自体も課題はありますが（特にゴグマジオス）、そもそもそこに至るまでが果たして楽しいのか疑問です",False,negative,18,0.506973326206207275,neutral,0.6521
難易度・進行,ランク,127,"このうち「歴戦」のランクはロードマップ上挑む意義の少ないランクとなっています
基本的な武器の強化には必須となりますがその量が少ないため、プレイヤーの経験が積めないロードマップになります
モンスターの動きを考えれば確かに「上位」から「歴戦王」にジャンプアップすることは可能です（「上位」→「歴戦」の段階でモンスターの動きの変化は小さいです）
しか","初期に言われていた不快な要素はだいぶ落ち着いたと思います（解消したわけではない）
モンハンの従来作と比較して有料拡張コンテンツが無い状態でもコンテンツも十分に多く武器のバランスも良い方です
ただし、現時点では明確にオススメできない理由があると感じています
具体的に、アップデートで追加されたエンドコンテンツに挑めるようになるまでの緩和施策が不十分です

[h1]鎧玉に関する施策の不足[/h1]
鎧玉は防具の防御力を上げるのに必須の強化素材です
この鎧玉は１つの防具あたりの必要量がかなり多く、それが防具の数だけ必要になります
一時期のエンドコンテンツの１つであったためこのような設定だったのでしょう
しかし現状、[u]エンドコンテンツとしての役割を完了しているにも関わらず十分な緩和がされていません[/u]
一応鎧玉が集まりやすい配信クエストがあるのですが、レパートリーが少なくマルチプレイが前提です
そもそもの鎧玉の入手効率自体を改善するべきです

[h1]装飾人の確保方法の不足[/h1]
鎧玉が防御力に関わる強化要素なのに対して、装飾品はパッシブスキルに関わる強化要素です
こちらは付け外しがほぼ自由なので必要な個数が集まれば以後は不要になります
現在ではある程度の装飾品を任意の素材から作ることができるようになっていますが、あくまで一部の基礎的なものに留まっています
エンドコンテンツに挑むには抽選でしか入手できない装飾品が事実上必須になってきます
こればかりは装飾品の収集がメインコンテンツに挙げられる段階で揃うことを祈るほかありません
もしもエンドコンテンツに挑めるランクになっても揃わなかった場合、ただでさえ足りない鎧玉を更に切り崩しながら抽選の当たる時をひたすら祈ることになります
（鎧玉と装飾品の抽選は同じアイテムを消費します）

[h1]モンスターランクのジャンプアップ[/h1]
現状、モンスターのランクは「下位」「上位」「歴戦」「歴戦王」という４つの種類があります
しかし、このうち「歴戦」のランクはロードマップ上挑む意義の少ないランクとなっています
基本的な武器の強化には必須となりますがその量が少ないため、プレイヤーの経験が積めないロードマップになります
モンスターの動きを考えれば確かに「上位」から「歴戦王」にジャンプアップすることは可能です（「上位」→「歴戦」の段階でモンスターの動きの変化は小さいです）
しかし、ステータスで考えると相当な差があります
最終的に「歴戦王」ランクに挑むのが基本となるためどこかで経験を確保する必要があったのではないでしょうか

[hr][/hr]

配信クエストの中にはプレイヤーのランク上昇を助けるものもありますが、そもそもこれらの準備をしている間にHRは100になるでしょう
ランク上昇自体は悪いことではないのですが、それに伴い準備も整いやすくしなければ未成熟な装備でエンドコンテンツに挑むことになります
エンドコンテンツ自体も課題はありますが（特にゴグマジオス）、そもそもそこに至るまでが果たして楽しいのか疑問です",False,negative,18,0.506973326206207275,neutral,0.9198
難易度・進行,ランク,127,"ステータスで考えると相当な差があります
最終的に「歴戦王」ランクに挑むのが基本となるためどこかで経験を確保する必要があったのではないでしょうか

[hr][/hr]

配信クエストの中にはプレイヤーのランク上昇を助けるものもあります","初期に言われていた不快な要素はだいぶ落ち着いたと思います（解消したわけではない）
モンハンの従来作と比較して有料拡張コンテンツが無い状態でもコンテンツも十分に多く武器のバランスも良い方です
ただし、現時点では明確にオススメできない理由があると感じています
具体的に、アップデートで追加されたエンドコンテンツに挑めるようになるまでの緩和施策が不十分です

[h1]鎧玉に関する施策の不足[/h1]
鎧玉は防具の防御力を上げるのに必須の強化素材です
この鎧玉は１つの防具あたりの必要量がかなり多く、それが防具の数だけ必要になります
一時期のエンドコンテンツの１つであったためこのような設定だったのでしょう
しかし現状、[u]エンドコンテンツとしての役割を完了しているにも関わらず十分な緩和がされていません[/u]
一応鎧玉が集まりやすい配信クエストがあるのですが、レパートリーが少なくマルチプレイが前提です
そもそもの鎧玉の入手効率自体を改善するべきです

[h1]装飾人の確保方法の不足[/h1]
鎧玉が防御力に関わる強化要素なのに対して、装飾品はパッシブスキルに関わる強化要素です
こちらは付け外しがほぼ自由なので必要な個数が集まれば以後は不要になります
現在ではある程度の装飾品を任意の素材から作ることができるようになっていますが、あくまで一部の基礎的なものに留まっています
エンドコンテンツに挑むには抽選でしか入手できない装飾品が事実上必須になってきます
こればかりは装飾品の収集がメインコンテンツに挙げられる段階で揃うことを祈るほかありません
もしもエンドコンテンツに挑めるランクになっても揃わなかった場合、ただでさえ足りない鎧玉を更に切り崩しながら抽選の当たる時をひたすら祈ることになります
（鎧玉と装飾品の抽選は同じアイテムを消費します）

[h1]モンスターランクのジャンプアップ[/h1]
現状、モンスターのランクは「下位」「上位」「歴戦」「歴戦王」という４つの種類があります
しかし、このうち「歴戦」のランクはロードマップ上挑む意義の少ないランクとなっています
基本的な武器の強化には必須となりますがその量が少ないため、プレイヤーの経験が積めないロードマップになります
モンスターの動きを考えれば確かに「上位」から「歴戦王」にジャンプアップすることは可能です（「上位」→「歴戦」の段階でモンスターの動きの変化は小さいです）
しかし、ステータスで考えると相当な差があります
最終的に「歴戦王」ランクに挑むのが基本となるためどこかで経験を確保する必要があったのではないでしょうか

[hr][/hr]

配信クエストの中にはプレイヤーのランク上昇を助けるものもありますが、そもそもこれらの準備をしている間にHRは100になるでしょう
ランク上昇自体は悪いことではないのですが、それに伴い準備も整いやすくしなければ未成熟な装備でエンドコンテンツに挑むことになります
エンドコンテンツ自体も課題はありますが（特にゴグマジオス）、そもそもそこに至るまでが果たして楽しいのか疑問です",False,negative,18,0.506973326206207275,neutral,0.8967
難易度・進行,ランク,127,"そもそもこれらの準備をしている間にHRは100になるでしょう
ランク上昇自体は悪いことではないのです","初期に言われていた不快な要素はだいぶ落ち着いたと思います（解消したわけではない）
モンハンの従来作と比較して有料拡張コンテンツが無い状態でもコンテンツも十分に多く武器のバランスも良い方です
ただし、現時点では明確にオススメできない理由があると感じています
具体的に、アップデートで追加されたエンドコンテンツに挑めるようになるまでの緩和施策が不十分です

[h1]鎧玉に関する施策の不足[/h1]
鎧玉は防具の防御力を上げるのに必須の強化素材です
この鎧玉は１つの防具あたりの必要量がかなり多く、それが防具の数だけ必要になります
一時期のエンドコンテンツの１つであったためこのような設定だったのでしょう
しかし現状、[u]エンドコンテンツとしての役割を完了しているにも関わらず十分な緩和がされていません[/u]
一応鎧玉が集まりやすい配信クエストがあるのですが、レパートリーが少なくマルチプレイが前提です
そもそもの鎧玉の入手効率自体を改善するべきです

[h1]装飾人の確保方法の不足[/h1]
鎧玉が防御力に関わる強化要素なのに対して、装飾品はパッシブスキルに関わる強化要素です
こちらは付け外しがほぼ自由なので必要な個数が集まれば以後は不要になります
現在ではある程度の装飾品を任意の素材から作ることができるようになっていますが、あくまで一部の基礎的なものに留まっています
エンドコンテンツに挑むには抽選でしか入手できない装飾品が事実上必須になってきます
こればかりは装飾品の収集がメインコンテンツに挙げられる段階で揃うことを祈るほかありません
もしもエンドコンテンツに挑めるランクになっても揃わなかった場合、ただでさえ足りない鎧玉を更に切り崩しながら抽選の当たる時をひたすら祈ることになります
（鎧玉と装飾品の抽選は同じアイテムを消費します）

[h1]モンスターランクのジャンプアップ[/h1]
現状、モンスターのランクは「下位」「上位」「歴戦」「歴戦王」という４つの種類があります
しかし、このうち「歴戦」のランクはロードマップ上挑む意義の少ないランクとなっています
基本的な武器の強化には必須となりますがその量が少ないため、プレイヤーの経験が積めないロードマップになります
モンスターの動きを考えれば確かに「上位」から「歴戦王」にジャンプアップすることは可能です（「上位」→「歴戦」の段階でモンスターの動きの変化は小さいです）
しかし、ステータスで考えると相当な差があります
最終的に「歴戦王」ランクに挑むのが基本となるためどこかで経験を確保する必要があったのではないでしょうか

[hr][/hr]

配信クエストの中にはプレイヤーのランク上昇を助けるものもありますが、そもそもこれらの準備をしている間にHRは100になるでしょう
ランク上昇自体は悪いことではないのですが、それに伴い準備も整いやすくしなければ未成熟な装備でエンドコンテンツに挑むことになります
エンドコンテンツ自体も課題はありますが（特にゴグマジオス）、そもそもそこに至るまでが果たして楽しいのか疑問です",False,negative,18,0.506973326206207275,neutral,0.8968
難易度・進行,クリア,146,"あくまで参考までに
クリアするまでは楽しかった
よく言われていた、ストーリー中に自由に探索できないというのも自分は特に気にならなかった
バグや開発の無駄なこだわりについては、他の方のレビューとほぼ同意見です

アクション面については、正直あまり良くないように思える
他の名作と呼ばれるアクションゲームには到底及ばない気がする
モンハン特有のモッサリ感や、自分のやりたい行動が直感的にできない、出ない操作感","発売日直後しかやってない、今更なレビューです
アプデで改善されてるかもしれないので、あくまで参考までに
クリアするまでは楽しかった
よく言われていた、ストーリー中に自由に探索できないというのも自分は特に気にならなかった
バグや開発の無駄なこだわりについては、他の方のレビューとほぼ同意見です

アクション面については、正直あまり良くないように思える
他の名作と呼ばれるアクションゲームには到底及ばない気がする
モンハン特有のモッサリ感や、自分のやりたい行動が直感的にできない、出ない操作感が、最近の他のゲームに慣れた自分にはストレスが溜まるものだった
キーコンフィグもないし
（今作ワイルズとは関係ない話だし、あくまで昔の個人的な妄想だが、デビルメイクライのアクションでモンハンが出来たらなぁと思っていた）

また武器種に関しては、追加がなく目新しさが全くない。
既存の武器に新しいアクションが追加されたりはしたが、それがより操作の複雑性を生んでいると思うし、新鮮さには全く寄与していないとも思う
逆に削除されたアクションもあるので、これも賛否が分かれるところだと思う
すでにある武器に開発がやりたいことを無理に詰め込むのではなく、開発がやりたいことを実現できる武器種を追加した方が良かったのではないか？

武器の作成についても、ほぼ上位互換のアーティファクトが有るので、モンスターの素材を使って作る武器に魅力がない
そのせいで、色々なモンスターを狩りに行く理由が薄れている
武器のスキンを解放するためだけの物になっている気がする
（これまたワイルズと関係ないが、ワールドでマムタロト実装初期に、雷弓が出なくて萎えたのを思い出した。それが自分がワールドをやらなくなった理由だった。そして運ゲーが嫌いになった理由の一つでもある）

クエスト報酬によってレアな素材が１００％貰えるようになったのは、個人的にはすごい良かった点だと思う。
戦いたくもない相手と延々と戦い続けるのは正直苦痛だったので


やはり自分にはモンハンシリーズは合わない
アクション面でも合わないし、システム面でも合わない
今回このレビューを書いていて、自分が運ゲーを嫌いになったのはモンハンシリーズの影響が大きかったと気付かされた
どれだけ時間と労力をかけようと、求める物が手に入るかは運次第なのは、自分にはとても理不尽に感じられるからだ。現実では当然の事として受け入れられるが、ゲームでは開発のさじ加減一つでいくらでも変えられるのだから納得がいかない。支払ったコストと時間に見合った報酬を、ゲームの中でくらい保証してくれということである
よって評価はおススメ出来ないになる


あと重要なことで、キャラクリのやり直しくらい無料で何回でも自由にさせろ
意味わからんわ
DLCのスキンやジェスチャーの数も細分化していて無駄に多いし、それぞれにちゃんと値段もついて揃えようと思ったらものすごい高額だし
なんかすごい腹立ってきたわ
しかもDLCを購入してるかものすごい頻度で確認してるからゲームが重くなってるんだっけ？
すっごい腹立つわ！！
",False,negative,18,0.420373886823654175,negative,0.9455
難易度・進行,クリア,171,"（クエスト前に食事を忘れた時でも安心）
・メインストーリーをクリアするまでは面白い。","・モンハンライズ 360時間
・モンハンワールド 205時間
・モンハンワイルズ 135時間
上記のプレイ時間を踏まえてのレビュー。

◆良い点
・乗り物があり、自動でモンスターを追尾できる。
・武器を２つ持ち込め切替できる。
・クエスト中でも食事できる。（クエスト前に食事を忘れた時でも安心）
・メインストーリーをクリアするまでは面白い。
・双剣、ガンランスは個人的に良かった。（但し、武器全体で格差が激しいのは問題）

◆悪い点
・新モンスターでフィギュア化して欲しいほどカッコいいモンスターがいない。（主観）
・過去イチの致命的な不具合の多さ。
・UIの改悪。
・ハンマー不遇。
・ボウガン弱体化（シリーズ通して終盤は近接から遠距離に移行していたが、今作はあまりに酷く使わないままとなった）
・防具デザインの酷さ（個人的な好みではあるが今作は重ね着が楽しめなかった）
・モンスター密着時や壁際のカメラワーク。
・希少素材をクエストによっては確定にしたことにより、手に入れた際の達成感がなくなった。
・水中での戦闘（あれだけ不評だったのに何故また膨大なお金と労力をかけて実装したのか）
・大型アップデート前　エンドコンテンツの少なさ。
・大型アップデート後　エンドコンテンツが数種類のモンスターだけを討伐することになり、ランダム要素の武器やお守りで当たりを引く前に飽きてしまう。
・アーティア武器によりほとんどの武器種で生産武器を作成する価値がなくなった。
・武器や防具の強化費用が高い為、金策にかかる時間や頻度が過去イチ大きい。（魚を捕まえ続けるという単純作業もマイナスポイント）

◆悪い点による影響
・大型アップデート前のエンドコンテンツの少なさ（未完成と呼ばれたり）や致命的な不具合でユーザの信頼を多方面で失い、不具合対応後や大型アップデート後でも引退したユーザの多くが戻って来なかった。
（今年の何処かで有料コンテンツ拡張の発表があると思うが、かなり不安。。。発売しても発売日から買わずに様子見するユーザが増えると思う。）

◆最後に
テスターからのフィードバックを開発陣が受け取る体制が無さそうに見える。経営陣含め、ユーザ目線で客観的にゲームを評価できていない現状だと思うので、根本的な体制見直しを行わないと今作でモンハンシリーズは終わってしまうのではないかと危惧しています。",False,negative,18,0.534240901470184326,positive,0.9906
難易度・進行,クリア,176,"ニンテンドーDS系：４、４G、X、XX
　スイッチ：XX、ライズ・サンブレイク
　PC：ワールド、ライズ・サンブレイク
　　　ストーリーズも1、２クリア、３もプレイ中でめっちゃ面白い
　スマホ：Nowプレイ中、アウトランダーズCBTやりたいけど自分のスマホは未対応だった。","モンハンを4からプレイしてきていますが、今作はオススメできません。

※ちなみにアンチではなくモンハンは大好きなゲームです。以下プレイ歴。
　ニンテンドーDS系：４、４G、X、XX
　スイッチ：XX、ライズ・サンブレイク
　PC：ワールド、ライズ・サンブレイク
　　　ストーリーズも1、２クリア、３もプレイ中でめっちゃ面白い
　スマホ：Nowプレイ中、アウトランダーズCBTやりたいけど自分のスマホは未対応だった。。

■悪い点
・コントローラーが反応しなくなる
　　・狩りの最中に決定ボタンやショートカットが効かなくなることがあり、非常にイライラします。
　　　たくさんのゲームをやってきましたが、こんなゲームは初めてです。マジヤバイです。
・グラフィックが非常に見ずらい
　　・ずっともやがかかったようなグラフィックで、景色も人もモンスターも見ずらく、全然モチベーションが上がりません。
　　・全体がうっすら白い？感じなので、狩りの最中もモンスターとの距離感がつかみにくくイライラします。
・キャラデザ、背景デザインが微妙
　　・木や草や岩など邪魔で狩りに集中できません。
　　・NPCの顔がそばかすだらけで、カッコイイとかカワイイが無いのでキャラバンにいても面白くありません。NPCを眺める楽しみが無いです。
・マップが微妙
　　・複雑で無駄に広く、一度行ったらもう次は行きたくなくなるような場所ばかりです。
　　・モンスターを追いかけている最中も非常にだれます。
・天候は微妙な要素
　　・全然感動しませんでした。天候も結局モンスターのしわざ、みたいな感じで驚きは無く、プレイには邪魔なものばかりで良さがよくわかりません。
・登場モンスターが微妙
　　・ドス系がいないだけでこんなにモンハン色が薄くなるとは、ドス達はいい役してるってことですよね。
　　・グラフィックが微妙なので、蜘蛛とか、毛がふさふさとか見にくくて楽しくありませんでした。
・ストーリーの脚本が微妙
　　・ストーリー全体は面白かったですが、いい場面で大体歯の浮くようなセリフが出るので、盛り下がります。
・食事シーンが微妙
　　・モンハンといえば豪快な食事シーンがとても好きですが、今作はちっちゃいフライパンで２～３切れのものを食べておなか一杯的な終わり方で、え？あれで満腹になるの？みたいな違和感があります。
　　・食べる自キャラの顔が怖い。キャラデザを頑張りましたが食事シーンではどうしても口が裂けたような顔になり、シーンはスキップするようになりました。

■良い点
・戦闘は面白かった
　　・ジャストガード、ジャスト回避が面白かったです。

とにかくイライラの方が多く、コントローラーが効かなくなるのは致命的です。クリアまでモチベーションが持つか分かりません。
フルプライスで買ってたらと思うとゾッとします。
気持ちが持たないので、ダブルクロスやライズをやり直してワイルズと並行プレイしてます。

追記：
ゴグマジオスまで行きましたが、戦闘前に有利な属性を教えてくれる場面があっても他のクエストが受けられない状況になっており、素材も無かったため目当ての属性装備を作れずにやむを得ず戦闘開始するしかありませんでした。ほんとイラつきます。
ゴグマジオス戦闘前のムービーも映像と音声がズレズレで最悪でした。

つまらなくてプレイしなくなるゲームはありますが、提供されるものが不完全でイライラしてプレイしなくなるゲームは中々ありません。。プレイ意欲を保つのは厳しいです。。

次回はいい作品になるように祈るばかりです。",False,negative,10,0.5,neutral,0.6753
難易度・進行,クリア,176,クリアまでモチベーションが持つか分かりません。,"モンハンを4からプレイしてきていますが、今作はオススメできません。

※ちなみにアンチではなくモンハンは大好きなゲームです。以下プレイ歴。
　ニンテンドーDS系：４、４G、X、XX
　スイッチ：XX、ライズ・サンブレイク
　PC：ワールド、ライズ・サンブレイク
　　　ストーリーズも1、２クリア、３もプレイ中でめっちゃ面白い
　スマホ：Nowプレイ中、アウトランダーズCBTやりたいけど自分のスマホは未対応だった。。

■悪い点
・コントローラーが反応しなくなる
　　・狩りの最中に決定ボタンやショートカットが効かなくなることがあり、非常にイライラします。
　　　たくさんのゲームをやってきましたが、こんなゲームは初めてです。マジヤバイです。
・グラフィックが非常に見ずらい
　　・ずっともやがかかったようなグラフィックで、景色も人もモンスターも見ずらく、全然モチベーションが上がりません。
　　・全体がうっすら白い？感じなので、狩りの最中もモンスターとの距離感がつかみにくくイライラします。
・キャラデザ、背景デザインが微妙
　　・木や草や岩など邪魔で狩りに集中できません。
　　・NPCの顔がそばかすだらけで、カッコイイとかカワイイが無いのでキャラバンにいても面白くありません。NPCを眺める楽しみが無いです。
・マップが微妙
　　・複雑で無駄に広く、一度行ったらもう次は行きたくなくなるような場所ばかりです。
　　・モンスターを追いかけている最中も非常にだれます。
・天候は微妙な要素
　　・全然感動しませんでした。天候も結局モンスターのしわざ、みたいな感じで驚きは無く、プレイには邪魔なものばかりで良さがよくわかりません。
・登場モンスターが微妙
　　・ドス系がいないだけでこんなにモンハン色が薄くなるとは、ドス達はいい役してるってことですよね。
　　・グラフィックが微妙なので、蜘蛛とか、毛がふさふさとか見にくくて楽しくありませんでした。
・ストーリーの脚本が微妙
　　・ストーリー全体は面白かったですが、いい場面で大体歯の浮くようなセリフが出るので、盛り下がります。
・食事シーンが微妙
　　・モンハンといえば豪快な食事シーンがとても好きですが、今作はちっちゃいフライパンで２～３切れのものを食べておなか一杯的な終わり方で、え？あれで満腹になるの？みたいな違和感があります。
　　・食べる自キャラの顔が怖い。キャラデザを頑張りましたが食事シーンではどうしても口が裂けたような顔になり、シーンはスキップするようになりました。

■良い点
・戦闘は面白かった
　　・ジャストガード、ジャスト回避が面白かったです。

とにかくイライラの方が多く、コントローラーが効かなくなるのは致命的です。クリアまでモチベーションが持つか分かりません。
フルプライスで買ってたらと思うとゾッとします。
気持ちが持たないので、ダブルクロスやライズをやり直してワイルズと並行プレイしてます。

追記：
ゴグマジオスまで行きましたが、戦闘前に有利な属性を教えてくれる場面があっても他のクエストが受けられない状況になっており、素材も無かったため目当ての属性装備を作れずにやむを得ず戦闘開始するしかありませんでした。ほんとイラつきます。
ゴグマジオス戦闘前のムービーも映像と音声がズレズレで最悪でした。

つまらなくてプレイしなくなるゲームはありますが、提供されるものが不完全でイライラしてプレイしなくなるゲームは中々ありません。。プレイ意欲を保つのは厳しいです。。

次回はいい作品になるように祈るばかりです。",False,negative,10,0.5,negative,0.6848
難易度・進行,クリア,177,ちゃんと装備も作ってクリア40時間かからないだと！,"巷で重いと噂されていたので買うのを躊躇していたが大幅な値引きセールがあり試しに購入。まぁ。確かに重い。が、設定次第で普通に遊べる。フルHDでそこそこの画質、60張り付きじゃなくても良いなら7700K GTX1070でも遊べる。
遊べるが…内容が薄すぎ。モンハンだぞ？
ちゃんと装備も作ってクリア40時間かからないだと！？
ありえない。本当にありえない。
やっぱ、アイスボーンが至高。
ただ画質が綺麗な劣化版ワールドですね。
セールでも買わない方が良い。
セールしてるならアイスボーンを買いましょう。
そっちのほうが安いしDLCを4個位買ってもワイルズよりは安くなると思うし。
本当にセールだからって買わなきゃ良かったよ。",False,negative,8,0.5,positive,0.9614
難易度・進行,ランク,188,来年のマスターランクが楽しみ,始めは要素少なめだが、今始めた人には楽しめる内容ではあると思う。来年のマスターランクが楽しみ,True,positive,3,0.523809552192687988,positive,0.9892
難易度・進行,クリア,198,その分ハンターが強くなりすぎて割とごり押しでもクリアできる,"発売当してすぐ購入して途中遊ばない期間もありましたが。なんだかんだで普通に楽しめます。
少し前まではエラー落ち、クラッシュで30分もまともに遊べませんでしたが、現在は安定しています。

ゲームの内容については、グラフィックはよく、アクション性が高く楽しいです。その分ハンターが強くなりすぎて割とごり押しでもクリアできるし、サポハンやオトモがメチャクチャ優秀なため難易度はこれまでに比べて落ちている気がします。まぁその分モンスターもワンパン技やバカデカ範囲の攻撃も多いんですがね。また、ガッツリストーリーがあることからテンポが悪いなど言われていますが、私はそこまで気になりませんでした。
アプデでイベクエなどは増えていますが、それでもモンスターの種類は少ないので、現状最終的にはお守り厳選や装備のコレクション、アーティアの厳選、己を磨くためにひたすら狩猟、に落ち着きますね。

今後来るであろうマスターランク、超大型モンスターの登場に期待ですね。",True,positive,3,0.517094016075134277,positive,0.8606
難易度・進行,難易度,198,サポハンやオトモがメチャクチャ優秀なため難易度はこれまでに比べて落ちている気がします。,"発売当してすぐ購入して途中遊ばない期間もありましたが。なんだかんだで普通に楽しめます。
少し前まではエラー落ち、クラッシュで30分もまともに遊べませんでしたが、現在は安定しています。

ゲームの内容については、グラフィックはよく、アクション性が高く楽しいです。その分ハンターが強くなりすぎて割とごり押しでもクリアできるし、サポハンやオトモがメチャクチャ優秀なため難易度はこれまでに比べて落ちている気がします。まぁその分モンスターもワンパン技やバカデカ範囲の攻撃も多いんですがね。また、ガッツリストーリーがあることからテンポが悪いなど言われていますが、私はそこまで気になりませんでした。
アプデでイベクエなどは増えていますが、それでもモンスターの種類は少ないので、現状最終的にはお守り厳選や装備のコレクション、アーティアの厳選、己を磨くためにひたすら狩猟、に落ち着きますね。

今後来るであろうマスターランク、超大型モンスターの登場に期待ですね。",True,positive,3,0.517094016075134277,negative,0.6709
難易度・進行,ランク,198,今後来るであろうマスターランク、超大型モンスターの登場に期待ですね。,"発売当してすぐ購入して途中遊ばない期間もありましたが。なんだかんだで普通に楽しめます。
少し前まではエラー落ち、クラッシュで30分もまともに遊べませんでしたが、現在は安定しています。

ゲームの内容については、グラフィックはよく、アクション性が高く楽しいです。その分ハンターが強くなりすぎて割とごり押しでもクリアできるし、サポハンやオトモがメチャクチャ優秀なため難易度はこれまでに比べて落ちている気がします。まぁその分モンスターもワンパン技やバカデカ範囲の攻撃も多いんですがね。また、ガッツリストーリーがあることからテンポが悪いなど言われていますが、私はそこまで気になりませんでした。
アプデでイベクエなどは増えていますが、それでもモンスターの種類は少ないので、現状最終的にはお守り厳選や装備のコレクション、アーティアの厳選、己を磨くためにひたすら狩猟、に落ち着きますね。

今後来るであろうマスターランク、超大型モンスターの登場に期待ですね。",True,positive,3,0.517094016075134277,positive,0.8833
難易度・進行,ランク,200,"魚も焼けるし
あとは新規が入ってないのかロビーの人らがランク500～999で装備も煮詰まってる、みたいな状況で気軽にマルチやれるような雰囲気でもない。","ろくに探索もせず電波少年に言われるままオートランでついてって、出会ったモンスしばいてたらエンディングを迎えてしまったふんたーです。ｲｲﾊﾅｼﾀﾞｯﾀﾉｶﾅｰ
ゲーム自体はさすがのモンハンブランド、今回も十全にクオリティが高い。ただ「ストーリーはただのチュートリアルなんで適当に流してもろて、エンドコンテンツ周回が本番でっせ」みたいな作りは残念に思う。ポケ〇ン化とでも呼ぶべきか。
なんで、クエスト周回をボリュームゾーンにするよりかは上位入ってからのゲーム体験を早めに解放しつつ、探索要素を強化、各拠点へはプレイヤー自身の足で到達させるくらいの作りの方が個人的にはありがたい。G級相当までいくと同じことの繰り返しですぐ飽きちゃうんで

過去作との比較で言うと、ワールド・ライズと比べてロビーのデザインセンス、ストーリー、メインBGMあたりが全体的に地味でパッとしなかった印象。マップはオープンワールド化というほどの変化はなく、良くも悪くも旧来のフォーマットを崩さずに手堅くまとまっている。だんご地獄からは解放された。魚も焼けるし
あとは新規が入ってないのかロビーの人らがランク500～999で装備も煮詰まってる、みたいな状況で気軽にマルチやれるような雰囲気でもない。発売日に買ってさっと遊ぶくらいがよかった
（ただし上位ギリまでならサポハン3人でも対処できるので１００時間程度なら問題ない。マスターランクになるとやつらは順番にキャンプ送りにされるので相手のHP増加に釣り合わなくなる）",True,positive,3,0.498155325651168823,negative,0.7991
難易度・進行,ランク,200,マスターランクになるとやつらは順番にキャンプ送りにされるので相手のHP増加に釣り合わなくなる）,"ろくに探索もせず電波少年に言われるままオートランでついてって、出会ったモンスしばいてたらエンディングを迎えてしまったふんたーです。ｲｲﾊﾅｼﾀﾞｯﾀﾉｶﾅｰ
ゲーム自体はさすがのモンハンブランド、今回も十全にクオリティが高い。ただ「ストーリーはただのチュートリアルなんで適当に流してもろて、エンドコンテンツ周回が本番でっせ」みたいな作りは残念に思う。ポケ〇ン化とでも呼ぶべきか。
なんで、クエスト周回をボリュームゾーンにするよりかは上位入ってからのゲーム体験を早めに解放しつつ、探索要素を強化、各拠点へはプレイヤー自身の足で到達させるくらいの作りの方が個人的にはありがたい。G級相当までいくと同じことの繰り返しですぐ飽きちゃうんで

過去作との比較で言うと、ワールド・ライズと比べてロビーのデザインセンス、ストーリー、メインBGMあたりが全体的に地味でパッとしなかった印象。マップはオープンワールド化というほどの変化はなく、良くも悪くも旧来のフォーマットを崩さずに手堅くまとまっている。だんご地獄からは解放された。魚も焼けるし
あとは新規が入ってないのかロビーの人らがランク500～999で装備も煮詰まってる、みたいな状況で気軽にマルチやれるような雰囲気でもない。発売日に買ってさっと遊ぶくらいがよかった
（ただし上位ギリまでならサポハン3人でも対処できるので１００時間程度なら問題ない。マスターランクになるとやつらは順番にキャンプ送りにされるので相手のHP増加に釣り合わなくなる）",True,positive,3,0.498155325651168823,neutral,0.8381
難易度・進行,クリア,207,このゲームは友人とホリエモンの話をしながらゼロ式オメガをクリアしました。,"このゲームは友人とホリエモンの話をしながらゼロ式オメガをクリアしました。
",True,positive,3,0.486216038465499878,positive,0.8678
難易度・進行,クリア,208,"（2026.4.6）
*****************************************************************
ストーリークリアしました！","発売当初に少しプレイ。
そのために、PCも新しく買いました！
なのに、他のゲームにハマってしまい…
積みゲーになっていましたが、久しぶりにプレイして、あれ？面白いかも？？
しばらく、遊んでみようと思います！
今のところ、ソロで楽しんでいます。
のんびり、マイペースでやるなら楽しいかも？
（2026.4.6）
*****************************************************************
ストーリークリアしました！！
わたしは、ストーリーも楽しめました。
その後のコンテンツも、のんびり楽しんでいます！
（2026.4.11追記）",True,positive,22,0.558885693550109863,positive,0.9726
難易度・進行,ランク,215,豪鬼とかいう追加DLC以外で存在を許されない存在がマスターランク商法の男にハナモゲラ語を喋らすと彼のつわものオーラが壊れてしまう！,"なんでモンハン語設定が消えたんすか
予算的にそれができない(ほかに理由が思いつかない)ほどくっちゃべらす必要あったんすか

　一年前。ワールドの出来が酷かったので販売前PV見ながら新要素としてお出しされてるやつうまく行くわけないよな........でも絶対買わないけど、ぐらいの気持ちでした。
　でも結局購入。デラックス版で。

　どうせ中身がダメなのだろうというのはもはやわかりきってて、「約束されたクソを味わうのも季節の食材食うみたいなもんで悪いもんではないだろう」ぐらいの気持ちで開始上のキャラクリだのの処理をしたときに、ありませんでした。
　言語設定に「モンハン語」が。

　それまでの作品ではキャラクターのボイスは作中で使われている架空の言語という設定の「聞いただけでは意味がわからないなんか知らない言語っぽい声の塊」でした。ワールドからは各(現実の)言語のボイスとの選択性になりましたが、私は狩猟中に意味の分かる言葉が聞こえるととても気が散るのでずっとモンハン語を選んでいました。

　それが消えました。

　仕方ないのでゲームを始めてクソ長えムービーとクソ長え移動不可プレイのあとあちらこちら、これまでウニャウニャと実際の猫からサンプリングした鳴き声で鳴くだけだったアイルーからさえも日本語でくっちゃべられる中で変なカエルをもっさりした動きにくい（ありえんぐらいもっさりしてるしボタンが多すぎる上どのボタンがどういう効果なのかわかりにくくなった、スリンガーとか増えてボタン多すぎたワールドのそれを更に悪くする奇跡を起こした）操作性でなんか傷つくって一生ころばして調和して拠点にたどり着き、やはりあちこちからくっちゃべられながら拠点を歩いて回ってトレモエリアを見つけて、どの武器ももっさりしているのを感じ、私の狩猟生活は終わりました。

　あとは毎日「さすがにやろうよ！」「駄目だ,,,,,日本語だしボタンに自信が持てない............」と拠点を30分ぐらいウロウロする病んだ生活を毎日繰り返しあっという間にプレイ時間10時間。なにもせず。

　なんでモンハン語にする設定が消えたんでしょうか。ストーリーとかで声優さんに無闇矢鱈にくっちゃべらせた結果そこにモンハン語を追加でハメることになると予算が急上昇して企業努力としてチーズナンがトップバリューになってしまうからでしょうか。

　それとも、オメガとかいうフンコロガシのモンスターが生意気にも喋るために（そもそもいること自体が意味不明な）他社様のキャラにハナモゲラ語などもうしわけない！！！！！！！！！！！！みたいになってしまったんでしょうか。

　それとも、豪鬼とかいう追加DLC以外で存在を許されない存在がマスターランク商法の男にハナモゲラ語を喋らすと彼のつわものオーラが壊れてしまう！！！！！！！！なとどとでも考えたのでしょうか。


　今までできたことをできなくし、本来の魅力や面白さを無視して偉いやつのやりたいことだけやる。そうしてできるのは商業作品ではなくジジイの同人作品です。どうぞ勝手に楽しんでください。関係ないスタッフを巻き込まず、客も巻き込まず。

　とにかくナメくさった同人作品に誰も巻き込まないでください。",False,negative,14,0.471208244562149048,neutral,0.559
難易度・進行,クリア,217,最近になって復帰しエンドコンテンツまですべてクリアしました。,"なんだかんだ言われてるけど結局おもしろいゲームでした。
私はベータテストから発売後まで少しやって一度離れてしまいましたが、最近になって復帰しエンドコンテンツまですべてクリアしました。

ストーリーに関しては、自分が作成したハンターが話すようになってかっこいいシーンも増えています。
一部の高難度クエストは、武器種を選ぶのもあるので、一つの武器種しか使えない場合はクリアが難しいものもあるかもしれませんが、クリアするたびに達成感を味わうことができます。

もちろん欠点もあるのですが、それなりのスペックのパソコンでプレイしても、ゲームが重いのかプレイしているとパソコンの排熱がひどく、これからの暑い季節には向いてないほど部屋の温度が上がってしまう点です。

また、マップの話になるのですが、基本的に天候が悪く、悪い日と良い日で目が疲れやすい点、坂が多いことによって武器の変な派生技が勝手に出てしまい戦いにくい点、結局セクレトによるオート移動のため、マップを作りこんであるんだろうけどほとんど覚えられなかったため、その作りこみの分、軽くしてほしかったかななど細かいところは気になりました。

ですが、それらをひっくるめて面白い部分は多かったです。
今から始める分には、初めから言われていたコンテンツ不足などいろいろ改善されているのでおすすめできると思います。

マスターランク開放を楽しみにしております。",True,positive,43,0.663304448127746582,positive,0.9181
難易度・進行,クリア,217,一つの武器種しか使えない場合はクリアが難しいものもあるかもしれません,"なんだかんだ言われてるけど結局おもしろいゲームでした。
私はベータテストから発売後まで少しやって一度離れてしまいましたが、最近になって復帰しエンドコンテンツまですべてクリアしました。

ストーリーに関しては、自分が作成したハンターが話すようになってかっこいいシーンも増えています。
一部の高難度クエストは、武器種を選ぶのもあるので、一つの武器種しか使えない場合はクリアが難しいものもあるかもしれませんが、クリアするたびに達成感を味わうことができます。

もちろん欠点もあるのですが、それなりのスペックのパソコンでプレイしても、ゲームが重いのかプレイしているとパソコンの排熱がひどく、これからの暑い季節には向いてないほど部屋の温度が上がってしまう点です。

また、マップの話になるのですが、基本的に天候が悪く、悪い日と良い日で目が疲れやすい点、坂が多いことによって武器の変な派生技が勝手に出てしまい戦いにくい点、結局セクレトによるオート移動のため、マップを作りこんであるんだろうけどほとんど覚えられなかったため、その作りこみの分、軽くしてほしかったかななど細かいところは気になりました。

ですが、それらをひっくるめて面白い部分は多かったです。
今から始める分には、初めから言われていたコンテンツ不足などいろいろ改善されているのでおすすめできると思います。

マスターランク開放を楽しみにしております。",True,positive,43,0.663304448127746582,negative,0.9201
難易度・進行,クリア,217,クリアするたびに達成感を味わうことができます。,"なんだかんだ言われてるけど結局おもしろいゲームでした。
私はベータテストから発売後まで少しやって一度離れてしまいましたが、最近になって復帰しエンドコンテンツまですべてクリアしました。

ストーリーに関しては、自分が作成したハンターが話すようになってかっこいいシーンも増えています。
一部の高難度クエストは、武器種を選ぶのもあるので、一つの武器種しか使えない場合はクリアが難しいものもあるかもしれませんが、クリアするたびに達成感を味わうことができます。

もちろん欠点もあるのですが、それなりのスペックのパソコンでプレイしても、ゲームが重いのかプレイしているとパソコンの排熱がひどく、これからの暑い季節には向いてないほど部屋の温度が上がってしまう点です。

また、マップの話になるのですが、基本的に天候が悪く、悪い日と良い日で目が疲れやすい点、坂が多いことによって武器の変な派生技が勝手に出てしまい戦いにくい点、結局セクレトによるオート移動のため、マップを作りこんであるんだろうけどほとんど覚えられなかったため、その作りこみの分、軽くしてほしかったかななど細かいところは気になりました。

ですが、それらをひっくるめて面白い部分は多かったです。
今から始める分には、初めから言われていたコンテンツ不足などいろいろ改善されているのでおすすめできると思います。

マスターランク開放を楽しみにしております。",True,positive,43,0.663304448127746582,positive,0.9747
難易度・進行,ランク,217,マスターランク開放を楽しみにしております。,"なんだかんだ言われてるけど結局おもしろいゲームでした。
私はベータテストから発売後まで少しやって一度離れてしまいましたが、最近になって復帰しエンドコンテンツまですべてクリアしました。

ストーリーに関しては、自分が作成したハンターが話すようになってかっこいいシーンも増えています。
一部の高難度クエストは、武器種を選ぶのもあるので、一つの武器種しか使えない場合はクリアが難しいものもあるかもしれませんが、クリアするたびに達成感を味わうことができます。

もちろん欠点もあるのですが、それなりのスペックのパソコンでプレイしても、ゲームが重いのかプレイしているとパソコンの排熱がひどく、これからの暑い季節には向いてないほど部屋の温度が上がってしまう点です。

また、マップの話になるのですが、基本的に天候が悪く、悪い日と良い日で目が疲れやすい点、坂が多いことによって武器の変な派生技が勝手に出てしまい戦いにくい点、結局セクレトによるオート移動のため、マップを作りこんであるんだろうけどほとんど覚えられなかったため、その作りこみの分、軽くしてほしかったかななど細かいところは気になりました。

ですが、それらをひっくるめて面白い部分は多かったです。
今から始める分には、初めから言われていたコンテンツ不足などいろいろ改善されているのでおすすめできると思います。

マスターランク開放を楽しみにしております。",True,positive,43,0.663304448127746582,positive,0.9753
難易度・進行,ランク,236,"初期からやってるがおもしろかった
開発も改善をがんばってくれてたので今後のマスターランクなどに期待したい
ナタのアイテム集めをクエストごとにしてほしい","初期からやってるがおもしろかった
開発も改善をがんばってくれてたので今後のマスターランクなどに期待したい
ナタのアイテム集めをクエストごとにしてほしい",True,positive,2,0.471936643123626709,positive,0.7728
難易度・進行,クリア,239,発売当初の購入で一通りクリアしてタマミツネが追加される前に辞めた。,"発売当初の購入で一通りクリアしてタマミツネが追加される前に辞めた。
辞めた決定的な理由は、「鍔迫り合い」「相殺」を導入したことによる攻略の幅の狭さ。
それに「モンハンとは違う」と強く感じ、今作は追加アプデを待たず見限った。
今までのモンハンは好きだがワイルズはモンハンの名前を使わないで欲しい。

ストレスフルフルのストーリー移動等の強制時間の長さ（一度コントローラー投げた）も反省してほしい。あんなのモンハンに求めてねえんです。
しかも結局そろそろ狩るか♠して狩って解決ってストーリー、要るか？（反語）",False,negative,32,0.501476824283599854,negative,0.8911
難易度・進行,ランク,248,"金冠銀冠で脳みそとろけなくなった
色々と惜しい作品
マスターランクに期待","金冠銀冠で脳みそとろけなくなった
色々と惜しい作品
マスターランクに期待",True,positive,0,0.5,positive,0.6553
難易度・進行,難易度,258,個人的にはモンスターの動きを観察すれば基本的にターン制担っていると考えており、モンスター攻撃→カウンター技or避ける→ハンター攻撃の繰り返しとなっているためいわゆる「理不尽」は今作には少なく、楽しい、かつ難易度もあるという良いバランスだと感じている。,"■UIについて

■良い点
・ゲーム性について
・ボリュームについて

■悪い点
・武器感のバランスについて
・マップについて

■まとめ

の流れです

まずSNSをよく見ている人が一番気にするであろうUI関連は、リリース直後は確かに無駄な動作が多いことやシンプルに分かりづらい部分もあったが、度重なるアプデで改善されており普通にプレイする分には快適で不満を抱くことはないと思う。ただし武器ごとのコンボチュートリアルというものはないので、効率的に狩りがしたい場合は動画サイトなどでコンボを覚える必要があるため、そこの改善はしてほしい。グラフィックは言うまでもなく綺麗であり、マップを探索するだけで面白い。

次にゲーム性についてだが、個人的にはモンスターの動きを観察すれば基本的にターン制担っていると考えており、モンスター攻撃→カウンター技or避ける→ハンター攻撃の繰り返しとなっているためいわゆる「理不尽」は今作には少なく、楽しい、かつ難易度もあるという良いバランスだと感じている。

今作はボリュームがかなりあり、モンスターハンターシリーズは基本的に無印→有料大型拡張という流れでワイルズは無印にあたるものなのだが、やり込み要素が多いのも魅力と言える。
またすべてのタイトルアップデートが終わっているため、今から始める人は追加されたすべてのクエストに対してすぐに挑戦できるので、やりこみ要素にそこまで触れず一通りプレイするという人も、しばらくの間はやることに尽きないはず。

ここまで良い点を書いてきたがもちろん不満な点もある。まずは武器ごとのパワーバランスがかなりある点だ。自分は一通り全武器を使っており、各武器ごとにアクションが違いそれぞれに楽しさがあるのだが、火力という面に関してはトップ層と最下層でかなりの差があると実感しており、アクションは面白いが弱い、リスク・リターンが悪い方で釣り合ってない、という武器がいくつかありもったいないと感じる部分はある。これから始める人で使いたい武器がない人は、安定と火力を両立しており、操作も比較的簡単な片手剣がとりあえずおすすめ。

次にマップによって狩りに向かない地形がある点も不満点である。具体的には傾斜、段差がかなりある、狭い、遮蔽物が多いなどである。使い方によってこれらは狩りを有利に動かすことができるのだが圧倒的にデメリットのほうが多く、ストレスを感じることもある。しかしすべてのマップを平坦にしてしまうと、それはそれでマップ特有の面白さがなくなってしまうので我慢するところなのかもしれないと思いながら自分はプレイしている。


このページを見ている人は少なからずモンハンというゲームに興味がある人だと思うので、その人達にとっては間違いなく満足できる作品になっており、9000円以上のゲーム体験ができるものだと考える。
しかしレビューではやや不評となっていて不安な人は、夏頃に有料大型拡張版の発表があるのでそれを見て判断することもいいと思う。

■最後に
個人としてはこのレビューを見た人はひとり残らず禁足地で楽しいハンターライフを今すぐ過ごしてほしいと思っていますが、これはどちらにしても一人の意見に過ぎないので、鵜呑みにせず、この人はこんな考えなんだな程度に捉えて購入するか判断する材料の一助になれば幸いです。最近のSNSはこのゲームだけにかかわらず中身のない批判が多く、あることないこと投稿する人もいるので、批判している人がいたらなにのどこを批判しているか、それは正しい情報かを判断することが大切だと思っています。
数あるレビューの中からこんな長文なのに最後まで見てくれてありがとうございました。",True,positive,42,0.682994425296783447,positive,0.8854
難易度・進行,"クリア, ランク",269,事前予約をして発売当日からぶっ通しでストーリーをクリア、その後250時間くらいでハンターランクも300付近まで来ました。,"事前予約をして発売当日からぶっ通しでストーリーをクリア、その後250時間くらいでハンターランクも300付近まで来ました。度重なるアプデがありましたが、この一言に尽きます”１クエストにかかる時間が長すぎる。一人専用クエストはない。”すいません二言でしたね。ラギアクルス、セルレギオスまでついてこれましたがここで断念。
ゴグマジオス、歴戦王アルシュベルドは未プレイ。さすがにやる気も起きません。これまでモンハンシリーズを色々プレイしてきましたが一番の駄作です。金を返してください。さすがにマスターランクが出ても買う気にはなれません。

このような経験は初めてでした。

",False,negative,13,0.40465971827507019,positive,0.7811
難易度・進行,ランク,269,さすがにマスターランクが出ても買う気にはなれません。,"事前予約をして発売当日からぶっ通しでストーリーをクリア、その後250時間くらいでハンターランクも300付近まで来ました。度重なるアプデがありましたが、この一言に尽きます”１クエストにかかる時間が長すぎる。一人専用クエストはない。”すいません二言でしたね。ラギアクルス、セルレギオスまでついてこれましたがここで断念。
ゴグマジオス、歴戦王アルシュベルドは未プレイ。さすがにやる気も起きません。これまでモンハンシリーズを色々プレイしてきましたが一番の駄作です。金を返してください。さすがにマスターランクが出ても買う気にはなれません。

このような経験は初めてでした。

",False,negative,13,0.40465971827507019,neutral,0.5096
難易度・進行,クリア,288,何度か失敗して装備や立ち回りを見直して、やっとクリアできたときは素直によっしゃあ！,"最終アプデ後の評価です。

まず正直に言うと、リリース当初の低評価の多さは理解できます。
コンテンツ不足やバランスの偏り、“アルシュベルドオンライン”と呼ばれていた状況、UIの使いづらさなど、不満点は確かに多かったです。
特にコラボに力を入れすぎて、本編の土台が追いついていないように感じた時期があったのも事実で、自分も一度離れかけました。

ただ、最終アプデ後で印象はかなり変わりました。

まず単純にやることが増えています。
お守り厳選や巨戟アーティアの厳選など、やり込みたい人にはしっかり応える内容になっていて、逆にそこまで詰めなくても遊べるくらいの余白もある。このバランスは新規にも良いと思ってます。

イベントクエストも増えていて、☆10（英雄の証やゴグマ）は本当に難しい。
何度か失敗して装備や立ち回りを見直して、やっとクリアできたときは素直によっしゃあ！ってなりました。

マルチも今はかなり活気があります。
ゴグマジオスで野良とわちゃわちゃ狩るあの空気感はやっぱり楽しいですし、1クエだけやるか～みたいな軽い入り方でも成立するのが良いところです。

あと地味に大きいのが最適化で、PCの要求スペックはかなり軽くなっています。
初期と比べると別物レベルで遊びやすくなって、うちのPCも悲鳴を上げなくなりました。

もちろん、今でも完璧ではないです。
UIはもう少しどうにかならないかと思う部分もありますし、テンポの悪さや細かいストレスを感じる人もいると思います。
フォトモードももう少し使いやすくしてほしいですし、コラボも楽しいけど、まずは土台の改善を優先してほしいと感じる場面もありました。

それでも、「過去の印象のまま止まっているのはもったいない」と思えるくらいには確実に良くなっています。

これからMRも控えていますし、古龍の追加や新規看板モンスにも期待してます。
あと推しのジンオウガ、MRで来てくれてもいいんじゃないですかね…希少種とか！

とにかく安心して、一狩り行こうぜ！！",True,positive,10,0.511592388153076172,positive,0.9825
難易度・進行,難易度,290,メイン下位シナリオ自体は武器だけ新調して防具は初期装備のチェーンのままエンディングを迎えられるくらいには優しい難易度。,"ギリサムズアップ
発売リリースからゴア実装までやってて、多忙だった為休止してましたが最近復帰。
アンスコしたらセーブデータも吹っ飛ばしてたようで0から再スタート。
アプデ増えて前よりやること増えた？かも。
メイン下位シナリオ自体は武器だけ新調して防具は初期装備のチェーンのままエンディングを迎えられるくらいには優しい難易度。

しかしだ。
・クエストUIが壊滅的。これは擁護できない。
なんというかコレジャナイ感がすごい。調査クエの敵個体がランダムだから難易度ソートが難しいのは分かるんだけどね･･･
・整形チケットが有料。イミフ。サーバー保管でもないのに。そら荒れる
・簡易キャンプが見つかると壊され、時間経過にポインツを消費する。前者はしゃーないが休憩するだけでポインツを要求するのは理解しかねる。
・モンスター不足が否めない。
[list]
 [*]旧来の古龍種がいない。拡張パックで実装なのかもだけど。
 [*]蒼、桜、金さん銀さんがいない。拡張（ｒｙ
 [*]ナルガがいない。拡張（ｒｙ
 [*]先生とレイアはいるのに隠し子がいない。かくｔｙ（ｒｙ
 [*]スーパーサイヤ人がいない。（ｒｙ
 [*]月下雷鳴（ｒｙ
[/list]
人気モンス？がかなりリストラされて新モンスや護龍コンパチモンス追加したのは挑戦的だとは感じるが、この･･･とりあえず生！みたいな駆けつけ一杯の選択肢が減ったのは正直しんどい。

[strike]ところでだけど
チャンネルにカジュアル+初心者のとこに入ったらどこもかしこもHR999がうようよしてるんだけど君らは初心者カジュアルなのか？[/strike]

※歴戦ゴアソロ討伐終わらせてミッション全消化したっぽいので追記。
HR60超えたあたりからセッション切れ乱発です。
ポート開けたりipv6切ったりモデムとルータ再起動等しましたが解消ならず。
[h1]目玉であるクロスプラットフォームが最適化されていない。[/h1]切れば安定するっぽい？
★10ゾシアで回線切れするから一人でしばいたよ･･･
恐らく低評価の大多数は回線関連と最終武器がほとんど亡国武器でモンス武器の組みあわせによる楽しみが少ないのが原因だろうと思う。コンテンツ不足は否めないがそこまでではない。
アイボー前のワールドの時もママがエンドコンテンツだったけどここまで武器の選択肢は少なくはなかった。

強属性武器が必要だ！→アーティアの指向を属性と復元を属性にしませう。
リセマラしなくて済むようにポインツ消費でリロールできるで＾＾ほらゴグマジオスしばきに行けよ。満足だろ？
これがまじでいけない。

途中からめんどくなって竜谷で狩れるモンスばっかりになってしまった。
完全に食傷起こしてますねはい。


でもまぁまだギリおすすめできる･･･かなぁ･･･
双剣で殴り合いするのは楽しいからね。うん。",True,positive,3,0.498007982969284058,positive,0.9038
難易度・進行,難易度,290,"調査クエの敵個体がランダムだから難易度ソートが難しいのは分かるんだけどね･･･
・整形チケットが有料。","ギリサムズアップ
発売リリースからゴア実装までやってて、多忙だった為休止してましたが最近復帰。
アンスコしたらセーブデータも吹っ飛ばしてたようで0から再スタート。
アプデ増えて前よりやること増えた？かも。
メイン下位シナリオ自体は武器だけ新調して防具は初期装備のチェーンのままエンディングを迎えられるくらいには優しい難易度。

しかしだ。
・クエストUIが壊滅的。これは擁護できない。
なんというかコレジャナイ感がすごい。調査クエの敵個体がランダムだから難易度ソートが難しいのは分かるんだけどね･･･
・整形チケットが有料。イミフ。サーバー保管でもないのに。そら荒れる
・簡易キャンプが見つかると壊され、時間経過にポインツを消費する。前者はしゃーないが休憩するだけでポインツを要求するのは理解しかねる。
・モンスター不足が否めない。
[list]
 [*]旧来の古龍種がいない。拡張パックで実装なのかもだけど。
 [*]蒼、桜、金さん銀さんがいない。拡張（ｒｙ
 [*]ナルガがいない。拡張（ｒｙ
 [*]先生とレイアはいるのに隠し子がいない。かくｔｙ（ｒｙ
 [*]スーパーサイヤ人がいない。（ｒｙ
 [*]月下雷鳴（ｒｙ
[/list]
人気モンス？がかなりリストラされて新モンスや護龍コンパチモンス追加したのは挑戦的だとは感じるが、この･･･とりあえず生！みたいな駆けつけ一杯の選択肢が減ったのは正直しんどい。

[strike]ところでだけど
チャンネルにカジュアル+初心者のとこに入ったらどこもかしこもHR999がうようよしてるんだけど君らは初心者カジュアルなのか？[/strike]

※歴戦ゴアソロ討伐終わらせてミッション全消化したっぽいので追記。
HR60超えたあたりからセッション切れ乱発です。
ポート開けたりipv6切ったりモデムとルータ再起動等しましたが解消ならず。
[h1]目玉であるクロスプラットフォームが最適化されていない。[/h1]切れば安定するっぽい？
★10ゾシアで回線切れするから一人でしばいたよ･･･
恐らく低評価の大多数は回線関連と最終武器がほとんど亡国武器でモンス武器の組みあわせによる楽しみが少ないのが原因だろうと思う。コンテンツ不足は否めないがそこまでではない。
アイボー前のワールドの時もママがエンドコンテンツだったけどここまで武器の選択肢は少なくはなかった。

強属性武器が必要だ！→アーティアの指向を属性と復元を属性にしませう。
リセマラしなくて済むようにポインツ消費でリロールできるで＾＾ほらゴグマジオスしばきに行けよ。満足だろ？
これがまじでいけない。

途中からめんどくなって竜谷で狩れるモンスばっかりになってしまった。
完全に食傷起こしてますねはい。


でもまぁまだギリおすすめできる･･･かなぁ･･･
双剣で殴り合いするのは楽しいからね。うん。",True,positive,3,0.498007982969284058,neutral,0.7994
難易度・進行,ランク,311,中盤のハンターランク上げるのにお使いクエスト状態になるのは微妙でした。,"ゲームを息抜きにやる方にはオススメです。
序盤の動画鑑賞と一狩りでストーリーが各30分ほどでサクサク進みますので、映像美から狩りまでスムーズに楽しめます。
中盤のハンターランク上げるのにお使いクエスト状態になるのは微妙でした。自分は釣りは楽しくなかった。ただし、ハンターランクが上がるにつれクエストが解放されて行きますが、種類が豊富なので最短で装備揃えるとか考えずに安定して満足したら次のクエスト周回をするの繰り返しで充分たのしめます。
終盤はタイムアタックへガチャだらけになりますが、1年のアップデートで装備が強化されていることもあり、ガチャ厳選なしの装備でも勝てるようになっています。
個人的オススメは野良マルチです。民度が高いのと、参加者の強さが玉石混交なのでメンバーによって最適解が異なる事ですね。",True,positive,0,0.5,negative,0.9488
難易度・進行,ランク,311,ハンターランクが上がるにつれクエストが解放されて行きます,"ゲームを息抜きにやる方にはオススメです。
序盤の動画鑑賞と一狩りでストーリーが各30分ほどでサクサク進みますので、映像美から狩りまでスムーズに楽しめます。
中盤のハンターランク上げるのにお使いクエスト状態になるのは微妙でした。自分は釣りは楽しくなかった。ただし、ハンターランクが上がるにつれクエストが解放されて行きますが、種類が豊富なので最短で装備揃えるとか考えずに安定して満足したら次のクエスト周回をするの繰り返しで充分たのしめます。
終盤はタイムアタックへガチャだらけになりますが、1年のアップデートで装備が強化されていることもあり、ガチャ厳選なしの装備でも勝てるようになっています。
個人的オススメは野良マルチです。民度が高いのと、参加者の強さが玉石混交なのでメンバーによって最適解が異なる事ですね。",True,positive,0,0.5,positive,0.7251
難易度・進行,クリア,316,ただクリアだけを最終目標とするタイプのライト層には物足りく感じるかもしれません。,"なんだかんだで楽しませてもらってます。初期環境の評価はともかく現評価としては歴代MR前作品の中でもかなりやりこみ要素がある部類に感じました。リア友やサークル、参加型など絡ませるとより長く楽しめると思います。ただクリアだけを最終目標とするタイプのライト層には物足りく感じるかもしれません。
とことん厳選したい方やサークル内でタイムを競ったりするのが好きなプレイヤーには刺さると思います。
良くも悪くもヘビーユーザー向けな印象です。",True,positive,1,0.486418217420578003,negative,0.9008
難易度・進行,難易度,319,難易度が極端強すぎるやつと弱すぎるやつ。,大人気のモンスターハンターをここまでクソにできたのはむしろすごい。ゴグマジオス追加で復帰してみたけど多少改善された所もあるが根本は変わってない。このゲームはやればやるほどつまらない、というか配慮がなかった所も多いしプレイの仕方を強制してくる。アクションというよりMMOみたい。ワールドから成長してないどころか退化してる。ハンターの機動性が上がったかな？と思ったら過去一トロイハンターになってる。難易度が極端強すぎるやつと弱すぎるやつ。モンハンを始めてみたい人にはお勧めするがガッツリモンハンをやりたいならワールドかライズをお勧めする、値段が高すぎるからハードルは高いだろうが。マスターランク含めなくてもここまで完成度の低いモンハンはこれだけ、正直Ｘもライズもワールドももっと面白かった。自分はモンスターの量とかは気にならなかったけど普通のに面白くないというのが勝った。,False,negative,185,0.670064568519592285,negative,0.8556
難易度・進行,ランク,319,マスターランク含めなくてもここまで完成度の低いモンハンはこれだ,大人気のモンスターハンターをここまでクソにできたのはむしろすごい。ゴグマジオス追加で復帰してみたけど多少改善された所もあるが根本は変わってない。このゲームはやればやるほどつまらない、というか配慮がなかった所も多いしプレイの仕方を強制してくる。アクションというよりMMOみたい。ワールドから成長してないどころか退化してる。ハンターの機動性が上がったかな？と思ったら過去一トロイハンターになってる。難易度が極端強すぎるやつと弱すぎるやつ。モンハンを始めてみたい人にはお勧めするがガッツリモンハンをやりたいならワールドかライズをお勧めする、値段が高すぎるからハードルは高いだろうが。マスターランク含めなくてもここまで完成度の低いモンハンはこれだけ、正直Ｘもライズもワールドももっと面白かった。自分はモンスターの量とかは気にならなかったけど普通のに面白くないというのが勝った。,False,negative,185,0.670064568519592285,negative,0.8795
難易度・進行,難易度,336,"■良い面
・グラが良い
・アクション面が過去一レベルでしっかりしてる
　（でもRISEみたいなスタイリッシュなアクションが好きな人向きではないかも）
・調査クエの保存でレア素材をゲットしやすい
・星9や10のコンテンツの追加でしっかり高難易度をカバー
・お守り厳選でエンドコンテンツも増えた

■相変わらずな点
・マップが見にくい（これは多分改善されない）
・現時点ではゴグマ武器一強なの","リリース初期にやって半年ぐらい離れてたのですが、最近復帰しました。
良くなっている面もありつつ、相変わらずの部分もあります。

■良い面
・グラが良い
・アクション面が過去一レベルでしっかりしてる
　（でもRISEみたいなスタイリッシュなアクションが好きな人向きではないかも）
・調査クエの保存でレア素材をゲットしやすい
・星9や10のコンテンツの追加でしっかり高難易度をカバー
・お守り厳選でエンドコンテンツも増えた

■相変わらずな点
・マップが見にくい（これは多分改善されない）
・現時点ではゴグマ武器一強なので、通常のモンスター素材から作成できる武器が空気
　（これが個人的には一番もったいない）
・モンスターの種類が少ない

初期は歴戦アルシュ以外に狩る意味がなく、個人的にはアーティア武器の厳選もエンドコンテンツとしては弱いと思ってたのでやってなかったのですが、
アルシュ以外の強いクエストも追加され、お守り厳選も追加されてやる意味は増え、
現在の状態であればDLCリリースにより更に良くなると期待できるレベルかなと。

クラッシュについてかなり不評がありますが、私の環境では初期に数回起きた以来は起きてませんので、
スペック不足、もしくは環境依存かもねという気がします。
影響するのはグラフィックドライバとスペックだけではないですからね...

とりあえずまだ零式オメガ倒せてないので頑張ります。
（オメガのBGMが神）",True,positive,4,0.522888123989105225,neutral,0.8512
難易度・進行,難易度,348,"ただ難易度的には、
今までシリーズを突破してきた歴戦プレイヤーにはちょっとぬるいかもしれない。","なんだかんだで遊びやすいゲームに落ち着いてる。
色々わずらわしい部分もどんどんつぶしてくれる。
修正方向がよいです。
ただ難易度的には、
今までシリーズを突破してきた歴戦プレイヤーにはちょっとぬるいかもしれない。
気の合う仲間とわいわい楽しみましょう。",True,positive,26,0.600789129734039307,negative,0.9049
難易度・進行,クリア,354,コラボモンスターは害悪で一人でクリアするのはとても難しく、ただでさえ狭いフィールドを余計に狭める設置型のダメージ床。,これが２０周年記念作品なのか？コラボモンスターは害悪で一人でクリアするのはとても難しく、ただでさえ狭いフィールドを余計に狭める設置型のダメージ床。長い間追尾するロケットパンチ。ワールドではある程度タイミングを決められた起き上がりを無くし体制を整えるチャンスを無くす。非常に見ずらいアイテムのインベントリ、セット機能。乗るたび無意味に敵へ突っ込むゴミみたいなセクレト。武器のアクションは楽しいのに上回る不愉快な要素が上回ってくる。ゴグマジオスもサポハンを要し、開発者のエゴばかり押し付けられモチベーションが上がらない。暇つぶしに起動しても、１回のクエストに時間がかかりすぎて疲れます。,False,negative,65,0.540403485298156738,negative,0.9226
難易度・進行,クリア,360,"2026.3.5追記

何でも教えてくれる頼もしい仲間たちのおかげで下位ストーリークリア。","シリーズ未プレイの完全初見。

チュートリアルがあまりにも不親切すぎる。すでにその情報を知っている人向けの説明にしかなっていない。
「〇〇のやり方は✕✕です」と言われてもその〇〇を知らないのだからまるで理解できないんだよ。

たとえばオープニングでプレイヤーが初めて操作する場面。
蟻地獄のような砂の穴に子供が落ち、穴の底では怪物が待ち受けているというシチュエーション。
だが安心してくれ。ハンターの左腕にはスリンガーというフックショットの発射装置が標準装備されているのだ。
さあ、これを使って子供を助けよう！
普通の人ならここで子供をフックで引っ掛けて引っ張り上げるとか、自分が穴に飛び込んで子供を抱えグラップリングフックの要領で脱出するなどといった方法を考えるだろう。
このゲームにおける最適解はこうだ。
上空を飛ぶ鳥に向けてスリンガーを発射。鳥からスタングレネードのようなものを奪い取って怪物に投げつける。怪物が怯んでるスキに子供を助けるのだ。
…そんな助け方誰が思いつく？
なぜ都合よくスタングレネードを持った鳥が上空にいるの？
そんな爆弾を子供の近くに投げて大丈夫なの？

たとえば捕獲クエストの説明。
「モンスターを罠で捕らえ、捕獲用麻酔玉を当ててください」ときた。
「玉を当てよう」というフレーズを聞いて大部分の人は以下の２パターンしか思いつかないと思う。
　１．玉をモンスターに投げて当てる
　２．玉を手に持ってモンスターの体に押し付ける
歴戦のハンターの発想は凡人のそれとはレベルが違う。
自分の足元に麻酔玉を投げて爆発させ、発生した煙をモンスターに吸わせるのだ。
…ちょっと待ってよ。麻酔効果のある煙を自分が吸って大丈夫なの？
その行動を「玉を当てる」と表現するのは妥当なの？

このゲームのチュートリアルはすべてがこの調子。自分がゲームの中の登場人物だったとしても想像もできないような行動を指示してくる。
初見で理解など出来るはずもない。
シリーズを長く遊んでいるユーザーにとっては当然の行動なのだろうけど。

気軽に質問できるこのゲームに詳しい人が友達にいない人は買うべきではない。

2026.3.5追記

何でも教えてくれる頼もしい仲間たちのおかげで下位ストーリークリア。
楽しく遊ばせてもらってます。
くさして終わりだとフェアじゃないと思うのでこのゲームの良いところも挙げておく。

・とにかくモンスターが生き生きとしている
某恐竜ゲームを１万時間以上プレイしているが、あのゲームと比べるとこっちのモンスターはとても活発に動いてくれる。
見ているだけでワクワクするね。まるで本当に生きているみたいだ。

・戦闘が楽しい
もともとソウルライク的な死んで覚えて攻略するゲームが好きなのもあるが、相手の攻撃パターンを覚えて対処するのを練習するのがとても楽しい。
弓を使ってプレイしているが見切り回避が気持ち良すぎる。",False,negative,209,0.635435640811920166,positive,0.9758
難易度・進行,難易度,372,でも初心者や多くのユーザーにとってはこのくらいの難易度がちょうどいいと思う。,"仕事でPCを新調したため、タイミングよくセールしていた本作を購入しました。
最適化などもされたようでクラッシュも起きずプレイできてます。
結果神ゲーに近いと言ってもいいと思います。
ただ、
発売当初に、本作のためだけに２０万のPCを購入し、１万の本作も購入し、最適化やアプデもされていない状況で購入していたら、評価は逆になっていたと思う。
しかもいまだにカス要素はてんこもりです（多すぎて記述できない）。
開発上層部の態度は直っていないでしょうし、私もそこは批判されて仕方ないと思いますが、各所に他の開発陣の愛情を感じる部分はあります。そこは素晴らしいと思います。

ボリュームは２４時間あれば全モンスター狩れるくらい（ゲームが多少うまければ）。でも初心者や多くのユーザーにとってはこのくらいの難易度がちょうどいいと思う。
なにせ環境がごちゃごちゃしてて周回もしずらいですし、これでモンスター強かったらさすがに面倒さが勝っていたと思います。

ともあれ、すごいゲームなので、ハードを持っててセール中なら買いです。
フルプライスではちょっと迷っていいと思う。
新しいハードを本作のためだけに購入しようとしているなら、もうちょっと寝かせてからでもいいかもしれませんが、最終的には購入して損はないはず。
",True,positive,10,0.546227097511291504,neutral,0.6655
難易度・進行,ランク,373,マスターランクが出てこれらが改善されることもあり得ます。,"購入から1年たってまずPCが轟音を上げずにプレイできるようになったので内容をレビューします。

　セクレト周りの操作レスポンスが悪く、武器切り替えやアイテム使用、ダッシュ等の入力が成立しているのかどうか非常に分かりにくくストレスが溜まります。
　次にこれは好みですがモンスターのチョイスが王道を外し過ぎている感じがします。モンスターにとっては地続きの世界なのですからもっと人気モンスターを素直に出したほうが盛り上がるのではないかと思いました。
　とりあえずこんなところです。マスターランクが出てこれらが改善されることもあり得ます。",False,negative,18,0.495773881673812866,neutral,0.7204
難易度・進行,難易度,377,難易度が上がっていて面白い,"難易度が上がっていて面白い
",True,positive,5,0.540263116359710693,positive,0.9923
難易度・進行,難易度,390,"■進行と難易度のバランス
ストーリーは演出も格好良く、思いの外楽しめた。","私のモンハン歴、そして好きなゲーム群の中でもトップクラスの心酔度となった。
最終アプデを終えた今の本作は、定価以上の価値がある名作だと自信を持って言える。

■アクション・映像・音響
シリーズ最高峰。狩猟におけるその挙動は極めて洗練されており、とにかく気持ちがいい。グラフィックも現在の最適化によって中堅PCでも十分に美しく、その世界観に浸る喜びは随一だ。

■進行と難易度のバランス
ストーリーは演出も格好良く、思いの外楽しめた。進行をスムーズにするためか、かつての「キークエ」のような過程が削ぎ落とされている。その分、エンドロールまでの手応えは控えめに感じるかもしれない。ここを「物足りない」と感じて離れてしまった人が多いのも理解できるが、そこはあくまでチュートリアルが完了したという、シリーズ伝統のステップであることを伝えておきたい。

■「オメガ」で見えた戦略の深み
私自身も感じていた物足りなさを埋めてくれたのが「オメガ」の実装だった。
アクションの技量だけでなく、装備や環境、アイテムを総動員する「戦略的な狩り」が求められるようになり、ここでようやく本作の真の深淵に触れられた気がした。この手応えこそが、私がこの地に留まり続けた理由だ。

■開発との並走
買い切りゲームでありながら、ユーザーの要望を柔軟に反映する運営スタイルは不思議な感覚だった。まるで生きているゲームに並走しているような体験は賛否あるだろうが、結果として遊びやすく、満足度の高いものになったことは評価したい。

■マルチプレイの課題
唯一、マルチプレイの仕様（特に友人との進行同期）の分かりにくさは、最後まで高い壁として残った。これは最終アプデを経てもなお、次作や拡張版での改善を強く望みたい点だ。

■総評
初期の不具合や空気感で離れてしまった人も、今ならお釣りが出るほどの内容だ。
私はこの情熱が大型拡張パッケージ（マスターランク）の発売まで続くようなら、迷わず★5に書き直すつもりだ。
あの頃、現実というキャンプへ帰ったハンターたちともう一度、この磨き上げられた荒野で一狩りできることを願っている。",True,positive,4,0.511924326419830322,positive,0.984
難易度・進行,ランク,390,私はこの情熱が大型拡張パッケージ（マスターランク）の発売まで続くようなら、迷わず★5に書き直すつもりだ。,"私のモンハン歴、そして好きなゲーム群の中でもトップクラスの心酔度となった。
最終アプデを終えた今の本作は、定価以上の価値がある名作だと自信を持って言える。

■アクション・映像・音響
シリーズ最高峰。狩猟におけるその挙動は極めて洗練されており、とにかく気持ちがいい。グラフィックも現在の最適化によって中堅PCでも十分に美しく、その世界観に浸る喜びは随一だ。

■進行と難易度のバランス
ストーリーは演出も格好良く、思いの外楽しめた。進行をスムーズにするためか、かつての「キークエ」のような過程が削ぎ落とされている。その分、エンドロールまでの手応えは控えめに感じるかもしれない。ここを「物足りない」と感じて離れてしまった人が多いのも理解できるが、そこはあくまでチュートリアルが完了したという、シリーズ伝統のステップであることを伝えておきたい。

■「オメガ」で見えた戦略の深み
私自身も感じていた物足りなさを埋めてくれたのが「オメガ」の実装だった。
アクションの技量だけでなく、装備や環境、アイテムを総動員する「戦略的な狩り」が求められるようになり、ここでようやく本作の真の深淵に触れられた気がした。この手応えこそが、私がこの地に留まり続けた理由だ。

■開発との並走
買い切りゲームでありながら、ユーザーの要望を柔軟に反映する運営スタイルは不思議な感覚だった。まるで生きているゲームに並走しているような体験は賛否あるだろうが、結果として遊びやすく、満足度の高いものになったことは評価したい。

■マルチプレイの課題
唯一、マルチプレイの仕様（特に友人との進行同期）の分かりにくさは、最後まで高い壁として残った。これは最終アプデを経てもなお、次作や拡張版での改善を強く望みたい点だ。

■総評
初期の不具合や空気感で離れてしまった人も、今ならお釣りが出るほどの内容だ。
私はこの情熱が大型拡張パッケージ（マスターランク）の発売まで続くようなら、迷わず★5に書き直すつもりだ。
あの頃、現実というキャンプへ帰ったハンターたちともう一度、この磨き上げられた荒野で一狩りできることを願っている。",True,positive,4,0.511924326419830322,positive,0.8372
難易度・進行,難易度,391,"メインストーリーまでは楽しめると思います
そこから先のモンスターがきっつい

個人的には、モンスターの攻撃をいなしてダメージを与えるのが楽しいと思っていますが
あちこち動きながら広範囲攻撃してくるから反撃が入れづらい
当身に成功しても技を出したら次の攻撃くらうので出せない
一発くらえば次の攻撃の回避が難しく回復薬飲む時間も無く死ぬ
狩りの気持ちいい要素が根こそぎ奪われてるように思います
プレイヤーの攻撃チャンスを無くすのが難易度","メインストーリーまでは楽しめると思います
そこから先のモンスターがきっつい

個人的には、モンスターの攻撃をいなしてダメージを与えるのが楽しいと思っていますが
あちこち動きながら広範囲攻撃してくるから反撃が入れづらい
当身に成功しても技を出したら次の攻撃くらうので出せない
一発くらえば次の攻撃の回避が難しく回復薬飲む時間も無く死ぬ
狩りの気持ちいい要素が根こそぎ奪われてるように思います
プレイヤーの攻撃チャンスを無くすのが難易度だ、と考えているならこの先の作品も期待できません

難しいコンテンツ作るならミラボレアスを思い出してほしいです",False,negative,7,0.503718376159667969,negative,0.8741
難易度・進行,クリア,406,ストーリークリアできるまでマルチプレイができないところ。,"XXとライズ以外の作品をプレイしたことがありますが、個人的に過去作で一番長続きするくらい面白い作品。
残念なのが、ストーリークリアできるまでマルチプレイができないところ。",True,positive,2,0.502507507801055908,negative,0.854
難易度・進行,クリア,409,"--------------------------------

下記は下位クエストクリアまでやった時点（エンドロールまで）のレビューです。","エンドコンテンツまで遊んだ感想です。
面白いけど最終的にゾ・シア、アルシュベルド、ゴグマジオスを狩り続けるゲームになります！
着せ替えは楽しいです！キャラクリ無制限にやり直せるようにしてください！

--------------------------------

下記は下位クエストクリアまでやった時点（エンドロールまで）のレビューです。
私はモンスターハンターシリーズをやり込むタイプの人間ではなく、ライトユーザーであることが前提の内容となります。
この作品に対してネット上で多くの具体的な不評、酷評が飛び交っていますが、実際にプレイすると印象は逆でした（やり込むと不満点が具体化されるかもしれません）。

・アクション 👍
私は楽しめました。主にヘビィボウガンを使用しましたが、ジャストガードして撃つ、チャンスには機関砲等を叩きこむだけで十分楽しめました。しかし、ガチ勢からするとこれまでと比較して色々と不満があるようです。たぶん上位クエスト以上をやり込んでいくと感想が変わっていくかもしれません。

・ストーリー 👍
ムービーのカメラワーク、演出のクオリティが高く、キャラクターの人格や仕草や台詞、人間関係描写も良作海外ドラマと日本のゲームの間くらいでとても良い印象。
脚本も非常に良いです。人々の成長、特に少年の成長に焦点が当てられています。少年は別人のように成長したり、英雄のように成長するように描かれるわけではなく、様々な経験の中で人々と関わり、一歩ずつ進んで徐々に自分の殻を破るという丁寧な作り。さらに、その小さな成長が親代わりの人の心をも救済していくのがとても美しいストーリーでした。そのテーマにモンスターハンターの（おそらく）重要な要素である人と自然のかかわりがスムーズに接続されていて本当に良くやったなと高評価です。主人公がメンターのように振る舞うのも渋くていいです。

追記：なぜ主人公が最後にああいう選択をしたのか全く分からないという感想を持つ人がいるようですが、しかし、最終決戦前に全てお見通しの「耳の人」が主人公をじっと見て意味深な表情をしていたことから、その時点で主人公は覚悟を決めていたことが分かります。しかし、デウスエクスマキナ的な印象があることは否めず、不満が出るのも分かります。

・グラフィック 👍
かなりきれいな水準です。モンスターのデザインもセンスあふれる感じでした。防具のデザインも良いものが多かったのですが、ごつい鎧がちょっと多いかな？とも思いました。あと料理がかなりうまそう。

・マップ 👍
見栄えが良くワールドの時みたいに迷うこともほとんどありませんでした。油谷は降り方でちょっと迷ったが。スリンガーで遠くのアイテムを採取できるの良いですね。セクレトも割と快適で、アクセルとブレーキがあって馬の操作っぽくて良いです。

・世界観 👍
その地に根差した生態系と人々の生活を描けておりそれが上手くストーリーに活かされていてGOOD。
ただ、油の谷に住んでる人らが一生懸命生産した金属を何に使っているのかは私が進めたところまでだとよく分からず、もし火走りが形骸化した祭り（おそらくそう）なら何とも言えない気持ちになりますね。彼らはいたってポジティブなのですが。
禁足地の人々が武器を使わない理由もモブNPCの台詞から察することができたりして良いです。

・演出 👍
緊張感ある展開のハイクオリティなストーリームービー、モンスターの生態の描写からシームレスに初討伐開始に繋がるのが最高にかっこいいです。これからはこういうモンハンを遊びたいです。。。

・キャラクリ 👍（しかし部分的に最悪）
やり直しが有料かつ回数が有限ってヤバくないですか？
様々なマップの光源でキャラの見え方変わるしムービーでも変わるのに有限はあまりにも酷いです。
金取るのも異常ですが、やり直し回数が有限なのは金取る意味すら半分失ってて本当に意味が分からないです。
なんなんでしょうね？
しかしリアル風のキャラでかなり作り込めるので楽しいです。
二種類のパーツ組み合わせてその比率で形を決める（デフォルト形状との比率も設定可能）ことができるのでかなりのバリエーションとなっています。
まつげを上下分けて編集できないとか目の左右幅を変えられないとかは不満が残る部分はありました。あと化粧も最大使用可能数は6くらいにしてほしかったかも、3だと足りない。
あと、キャラクターがムービーでいろいろな映り方するのでキャラクリ勢にはたまらないんじゃないんでしょうか？（だからこそやり直し回数が有限なのは信じられない）

・まとめ
半額セールなら損はないと思います。
あとこれを書くと危ない感じはしますが私は最近やったライズよりこっちの方が好きです。ライズはとにかくアクションが軽快で虫を使って飛び回る戦い方が最高でしたが、、しかし自分はキャラやストーリーやグラフィックや世界観に割と引っ張られるのでストーリーの読後感が圧倒的に良いワイルズの方が好きです。ここは好みだと思います。ライズも面白い作品です。

・開発へ言いたいこと
どうかこのスタイルのモンハンで次々回作も作ってください。
モンハンでこんなに良いストーリーと世界観構築の融合を見せられるとは思っていなかったので驚きでした。",True,positive,2,0.48315855860710144,neutral,0.8798
難易度・進行,クリア,414,"総評「過去最高傑作　ただし改善の余地あり」

HR999、プレイ時間800時間超、最終アップデート時の難関クエスト(英雄の証)ソロクリア済み

【評価できる点】
アクションゲームとして前作からしっかりと進化しており、集中モードや鍔迫り合い・相殺といった新アクションが楽しく、ハンティングアクションとして高い満足度になりました。","総評「過去最高傑作　ただし改善の余地あり」

HR999、プレイ時間800時間超、最終アップデート時の難関クエスト(英雄の証)ソロクリア済み

【評価できる点】
アクションゲームとして前作からしっかりと進化しており、集中モードや鍔迫り合い・相殺といった新アクションが楽しく、ハンティングアクションとして高い満足度になりました。
私は片手剣メインですが、ジャストガードと移動斬りが快適すぎて過去作を遊べる気がしません。まさか片手剣がガード主体の武器になるとは思いませんでした。

反面、各武器種の操作が複雑化しているため、気軽に乗り換えられないのは難点と言えるかもしれませんね。

グラフィックの美しさについても、隔ての砂原が異常気象から豊穣期に切り替わる瞬間の色彩表現の豊かさ、集会所の季節イベント時の荘厳な雰囲気などは目を見張るものがあり、グラフィックの評価として「現実並み」という表現はもはやふさわしくなく、リアルを超えた美しさであると言っていいかもしれません。

またストーリーについても、正直モンハンでここまで劇的なシナリオになるとは予想しておらず、これは嬉しい誤算でした。次回作にも期待ができますし、この時間軸でのメディアミックスなども面白そうですね。

やりこみ要素もMR前としては最大のボリュームです。

【ネガティブな点】
タイトルアップデートによるモンスター、システムの追加、武器種バランス調整については、残念ながら現代のユーザーの可処分時間を奪い合うゲーム市場にマッチしているとは言えません。

アクションの細かいところで応答性が悪いことは、アクションの爽快さ・快適さと反しているためマイナスと考えます。
例えばセクレトを呼んでから騎乗までのタイムラグ、そのタイムラグも状況(セクレトが遠い、セクレトがモンスターの攻撃を受けた)によって変化すること、装衣を脱ぐ・支給アイテムを取得するという動作はモーションが終わるまでアイテム使用操作を受け付けないなど

これらはモンスターハンターの世界観表現を崩しすぎないこだわりだったのかもしれませんが、過去作(ガルク)の快適さから悪化したという印象になってしまうのはよくなかったですね

【総評】
アクションが楽しく上達していく楽しさ、やりこみも十分にありMR(G級)前としては最高傑作
しかし製作販売方式、世界観と快適さのバランスに現代のゲームとしてミスマッチがある",True,positive,16,0.615826070308685303,positive,0.9795
難易度・進行,"難易度, クリア, ランク",417,歴戦王のチャレクエやオメガ、マジオスなどの高難易度コンテンツもなれと共にSランククリアや周回できるようになってきたので達成感もあり楽しかったです。,"中断期間ありながらも約一年で300時間以上プレイしました。
狩りの操作感は歴代トップでストーリーにも力が入っていてとても楽しかったです。
ガンス、太刀、ボウガン、弓、双剣など環境武器をメインで使っていたこともあり武器調整に不満はなかったです。
歴戦王のチャレクエやオメガ、マジオスなどの高難易度コンテンツもなれと共にSランククリアや周回できるようになってきたので達成感もあり楽しかったです。

ワイルズのためにPCを買い替えたので特にクラッシュなどには遭遇しませんでした。
G級マスターランクの追加が決定したので楽しみに待ちます。",True,positive,0,0.485829949378967285,positive,0.9922
難易度・進行,ランク,417,G級マスターランクの追加が決定したので楽しみに待ちます。,"中断期間ありながらも約一年で300時間以上プレイしました。
狩りの操作感は歴代トップでストーリーにも力が入っていてとても楽しかったです。
ガンス、太刀、ボウガン、弓、双剣など環境武器をメインで使っていたこともあり武器調整に不満はなかったです。
歴戦王のチャレクエやオメガ、マジオスなどの高難易度コンテンツもなれと共にSランククリアや周回できるようになってきたので達成感もあり楽しかったです。

ワイルズのためにPCを買い替えたので特にクラッシュなどには遭遇しませんでした。
G級マスターランクの追加が決定したので楽しみに待ちます。",True,positive,0,0.485829949378967285,positive,0.991
難易度・進行,クリア,421,以前プレステ５で購入してハンマーでストーリークリア＋ちょっとのコンテンツをやって飽きてました。,"以前プレステ５で購入してハンマーでストーリークリア＋ちょっとのコンテンツをやって飽きてました。　
今回スチーム版を買う事情が出来てガンランスを使ってみたら、めっちゃ面白い！！　
ガンランス素晴らしいですなぁ！！！！",True,positive,2,0.485829949378967285,negative,0.9466
難易度・進行,難易度,430,抑制やらDPSチェックを入れて難易度を上げる一番面白くない方法で難易度を上げているため作っている人の人格を疑います。,"抑制やらDPSチェックを入れて難易度を上げる一番面白くない方法で難易度を上げているため作っている人の人格を疑います。モンハンではないものをつっくているかと思います
",False,negative,16,0.470698624849319458,negative,0.9603
難易度・進行,クリア,435,当時かなり弱かったハンマーを握って、他人の１．５倍は時間をかけてストーリーをクリア。,"発売直後に購入。

当時かなり弱かったハンマーを握って、他人の１．５倍は時間をかけてストーリーをクリア。
武器が弱かったことで難易度がある程度担保されるという逆転現象が起こり、
クリアまではかなり楽しくプレイしました。

その際はストリートファイターも併せてプレイしていたので、
自らをカプコンの犬と称しながらの数か月を楽しく過ごしました。

残念だった点は、
生産ツリーに存在する武器のほとんどに利用価値がなく、
序盤からアクセス可能な特定の強武器さえ握っていれば、
それ以上武器を作る必要が無い→素材を落とすモンスターを狩る必要もない
という部分でした。

要するに、ストーリーをクリアしたりイベントを遊ぶ分には問題ないが、
狩猟→生産→狩猟→生産　のループは一切発生していないため、
コンテンツを順番に舐め終わればそれで終了、
あとは歴戦なりの水増しアップデートを待つしかない　という歪みがあります。

これの何が問題かというと、マルチプレイするモチベーションすら奪うということです。
誰かが特定の素材が出ずに困っているから、自分には実入りがなくても手伝う、
という流れが発生しません。素材に困ることがほぼないし、攻略にも困らない。

ワールド、ライズと、それぞれ友人たちと狂ったようにマルチプレイをする時間がありましたが
今回はほぼありませんでした。

また、発売当時のアーティアはセーブロードを活用することでテーブルを分析し
素材を失う事なく狙ったOPを付けられるというあまりにも酷い仕様でしたので、
ギャンブル要素の利点をさっぱり生かせておらず、やりこみ要素として機能していませんでした。　

私の場合は厳選の存在を知った瞬間に一切のやる気を失い、
適当に最低限のOPを付けたアーティアを作成した後は、一切触れないコンテンツとなりました。



一方で、楽しいかもしれないと思った遊び方は以下
１．拠点に帰らずに狩り続けられるエコシステムを構築し、無目的に遊牧ハンターとして暮らす
２．マイナークエストの救援要請をひたすら待ち、ガチサポートハンマーとして参戦する

このように、工夫次第では楽しさが生まれるかもしれません。
サンドボックスとして見ればそれなりに良い作品であると思うからです。

逆に言えば、工夫しないと、いまいち自然には面白さが沸いてこないゲームかもしれません。
繰り返しになりますが、とりあえずクリアする分には面白いです。
フルプライスの価値はないです。",False,negative,14,0.529288709163665771,positive,0.802
難易度・進行,"難易度, クリア",435,"武器が弱かったことで難易度がある程度担保されるという逆転現象が起こり、
クリアまではかなり楽しくプレイしました。","発売直後に購入。

当時かなり弱かったハンマーを握って、他人の１．５倍は時間をかけてストーリーをクリア。
武器が弱かったことで難易度がある程度担保されるという逆転現象が起こり、
クリアまではかなり楽しくプレイしました。

その際はストリートファイターも併せてプレイしていたので、
自らをカプコンの犬と称しながらの数か月を楽しく過ごしました。

残念だった点は、
生産ツリーに存在する武器のほとんどに利用価値がなく、
序盤からアクセス可能な特定の強武器さえ握っていれば、
それ以上武器を作る必要が無い→素材を落とすモンスターを狩る必要もない
という部分でした。

要するに、ストーリーをクリアしたりイベントを遊ぶ分には問題ないが、
狩猟→生産→狩猟→生産　のループは一切発生していないため、
コンテンツを順番に舐め終わればそれで終了、
あとは歴戦なりの水増しアップデートを待つしかない　という歪みがあります。

これの何が問題かというと、マルチプレイするモチベーションすら奪うということです。
誰かが特定の素材が出ずに困っているから、自分には実入りがなくても手伝う、
という流れが発生しません。素材に困ることがほぼないし、攻略にも困らない。

ワールド、ライズと、それぞれ友人たちと狂ったようにマルチプレイをする時間がありましたが
今回はほぼありませんでした。

また、発売当時のアーティアはセーブロードを活用することでテーブルを分析し
素材を失う事なく狙ったOPを付けられるというあまりにも酷い仕様でしたので、
ギャンブル要素の利点をさっぱり生かせておらず、やりこみ要素として機能していませんでした。　

私の場合は厳選の存在を知った瞬間に一切のやる気を失い、
適当に最低限のOPを付けたアーティアを作成した後は、一切触れないコンテンツとなりました。



一方で、楽しいかもしれないと思った遊び方は以下
１．拠点に帰らずに狩り続けられるエコシステムを構築し、無目的に遊牧ハンターとして暮らす
２．マイナークエストの救援要請をひたすら待ち、ガチサポートハンマーとして参戦する

このように、工夫次第では楽しさが生まれるかもしれません。
サンドボックスとして見ればそれなりに良い作品であると思うからです。

逆に言えば、工夫しないと、いまいち自然には面白さが沸いてこないゲームかもしれません。
繰り返しになりますが、とりあえずクリアする分には面白いです。
フルプライスの価値はないです。",False,negative,14,0.529288709163665771,positive,0.9441
難易度・進行,クリア,435,要するに、ストーリーをクリアしたりイベントを遊ぶ分には問題ない,"発売直後に購入。

当時かなり弱かったハンマーを握って、他人の１．５倍は時間をかけてストーリーをクリア。
武器が弱かったことで難易度がある程度担保されるという逆転現象が起こり、
クリアまではかなり楽しくプレイしました。

その際はストリートファイターも併せてプレイしていたので、
自らをカプコンの犬と称しながらの数か月を楽しく過ごしました。

残念だった点は、
生産ツリーに存在する武器のほとんどに利用価値がなく、
序盤からアクセス可能な特定の強武器さえ握っていれば、
それ以上武器を作る必要が無い→素材を落とすモンスターを狩る必要もない
という部分でした。

要するに、ストーリーをクリアしたりイベントを遊ぶ分には問題ないが、
狩猟→生産→狩猟→生産　のループは一切発生していないため、
コンテンツを順番に舐め終わればそれで終了、
あとは歴戦なりの水増しアップデートを待つしかない　という歪みがあります。

これの何が問題かというと、マルチプレイするモチベーションすら奪うということです。
誰かが特定の素材が出ずに困っているから、自分には実入りがなくても手伝う、
という流れが発生しません。素材に困ることがほぼないし、攻略にも困らない。

ワールド、ライズと、それぞれ友人たちと狂ったようにマルチプレイをする時間がありましたが
今回はほぼありませんでした。

また、発売当時のアーティアはセーブロードを活用することでテーブルを分析し
素材を失う事なく狙ったOPを付けられるというあまりにも酷い仕様でしたので、
ギャンブル要素の利点をさっぱり生かせておらず、やりこみ要素として機能していませんでした。　

私の場合は厳選の存在を知った瞬間に一切のやる気を失い、
適当に最低限のOPを付けたアーティアを作成した後は、一切触れないコンテンツとなりました。



一方で、楽しいかもしれないと思った遊び方は以下
１．拠点に帰らずに狩り続けられるエコシステムを構築し、無目的に遊牧ハンターとして暮らす
２．マイナークエストの救援要請をひたすら待ち、ガチサポートハンマーとして参戦する

このように、工夫次第では楽しさが生まれるかもしれません。
サンドボックスとして見ればそれなりに良い作品であると思うからです。

逆に言えば、工夫しないと、いまいち自然には面白さが沸いてこないゲームかもしれません。
繰り返しになりますが、とりあえずクリアする分には面白いです。
フルプライスの価値はないです。",False,negative,14,0.529288709163665771,positive,0.547
難易度・進行,クリア,435,とりあえずクリアする分には面白いです。,"発売直後に購入。

当時かなり弱かったハンマーを握って、他人の１．５倍は時間をかけてストーリーをクリア。
武器が弱かったことで難易度がある程度担保されるという逆転現象が起こり、
クリアまではかなり楽しくプレイしました。

その際はストリートファイターも併せてプレイしていたので、
自らをカプコンの犬と称しながらの数か月を楽しく過ごしました。

残念だった点は、
生産ツリーに存在する武器のほとんどに利用価値がなく、
序盤からアクセス可能な特定の強武器さえ握っていれば、
それ以上武器を作る必要が無い→素材を落とすモンスターを狩る必要もない
という部分でした。

要するに、ストーリーをクリアしたりイベントを遊ぶ分には問題ないが、
狩猟→生産→狩猟→生産　のループは一切発生していないため、
コンテンツを順番に舐め終わればそれで終了、
あとは歴戦なりの水増しアップデートを待つしかない　という歪みがあります。

これの何が問題かというと、マルチプレイするモチベーションすら奪うということです。
誰かが特定の素材が出ずに困っているから、自分には実入りがなくても手伝う、
という流れが発生しません。素材に困ることがほぼないし、攻略にも困らない。

ワールド、ライズと、それぞれ友人たちと狂ったようにマルチプレイをする時間がありましたが
今回はほぼありませんでした。

また、発売当時のアーティアはセーブロードを活用することでテーブルを分析し
素材を失う事なく狙ったOPを付けられるというあまりにも酷い仕様でしたので、
ギャンブル要素の利点をさっぱり生かせておらず、やりこみ要素として機能していませんでした。　

私の場合は厳選の存在を知った瞬間に一切のやる気を失い、
適当に最低限のOPを付けたアーティアを作成した後は、一切触れないコンテンツとなりました。



一方で、楽しいかもしれないと思った遊び方は以下
１．拠点に帰らずに狩り続けられるエコシステムを構築し、無目的に遊牧ハンターとして暮らす
２．マイナークエストの救援要請をひたすら待ち、ガチサポートハンマーとして参戦する

このように、工夫次第では楽しさが生まれるかもしれません。
サンドボックスとして見ればそれなりに良い作品であると思うからです。

逆に言えば、工夫しないと、いまいち自然には面白さが沸いてこないゲームかもしれません。
繰り返しになりますが、とりあえずクリアする分には面白いです。
フルプライスの価値はないです。",False,negative,14,0.529288709163665771,positive,0.994
難易度・進行,クリア,436,"※クリア後の追記
ゲームに登場する人間が本当にこいつら人なのか？","そろそろプレイアブルキャラクターとしてアイルーも選択できるようにしてくれませんか？キャラクリしたハンターちゃんを連れまわしてモンスターにヤムチャされたハンターちゃんを介護しながら一人前に育てることもできるゲームにしてほしい。

※クリア後の追記
ゲームに登場する人間が本当にこいつら人なのか？と疑問を抱かせるくらいに聖人しかでてこなくて、隣で話を聞いてると今の話の流れでそんな壮大な心理にはならんやろと肌寒くなってしまった。

世界観に説得力が足りず、ふわっとした生活と共存？？？こんだけモンスターに囲まれて武器も持たず、捕食者に対する知識もないのに生きていられるのが不思議なレベルの住人。狩猟ゲーム故に動物愛護の海外向けの圧力でも懸念してるのか？モンスターに毎日殺されかけてる住人がなぜか平和主義者で不自然すぎて気持ち悪かった。ゲーム自体は一年経ってるので問題なく楽しめたが、この世界の住人はまるで生き物愛護団体BOTのようで、人間味がなくとにかく気味が悪くて残念だった。",True,positive,0,0.450851112604141235,neutral,0.8539
難易度・進行,クリア,445,ソロでクエストクリア目指すならチャレンジクエスト枠に収めればいいのにイベントクエストで歴戦ゴアをソロでやらせるプレイヤーを減らす所業にでる馬鹿っぷりには驚きました。,モンハンシリーズを長くやっているモンハンファンから正直な感想。　モンスターハンターを侮辱しているような内容です。　何もわかっていない開発者を起用したらこうなりましたと言わんばかりのシステム内容。　エンドコンテンツではただただめんどくさいクエストを要求。本来モンハンは４人でやるほうが面白いという本質をまるで分っていない。ソロでクエストクリア目指すならチャレンジクエスト枠に収めればいいのにイベントクエストで歴戦ゴアをソロでやらせるプレイヤーを減らす所業にでる馬鹿っぷりには驚きました。　正直大型アップデートも期待しない方がいいレベルだと思います。,False,negative,7,0.476574033498764038,neutral,0.6606
